-- mysqldump-php https://github.com/ifsnop/mysqldump-php
--
-- Host: localhost	Database: legal_db
-- ------------------------------------------------------
-- Server version 	10.4.24-MariaDB
-- Date: Tue, 05 Mar 2024 11:25:26 +0100

/*!40101 SET @OLD_CHARACTER_SET_CLIENT=@@CHARACTER_SET_CLIENT */;
/*!40101 SET @OLD_CHARACTER_SET_RESULTS=@@CHARACTER_SET_RESULTS */;
/*!40101 SET @OLD_COLLATION_CONNECTION=@@COLLATION_CONNECTION */;
/*!40101 SET NAMES utf8 */;
/*!40103 SET @OLD_TIME_ZONE=@@TIME_ZONE */;
/*!40103 SET TIME_ZONE='+00:00' */;
/*!40101 SET @OLD_AUTOCOMMIT=@@AUTOCOMMIT */;
/*!40014 SET @OLD_UNIQUE_CHECKS=@@UNIQUE_CHECKS, UNIQUE_CHECKS=0 */;
/*!40014 SET @OLD_FOREIGN_KEY_CHECKS=@@FOREIGN_KEY_CHECKS, FOREIGN_KEY_CHECKS=0 */;
/*!40101 SET @OLD_SQL_MODE=@@SQL_MODE, SQL_MODE='NO_AUTO_VALUE_ON_ZERO' */;
/*!40111 SET @OLD_SQL_NOTES=@@SQL_NOTES, SQL_NOTES=0 */;

--
-- Table structure for table `case_type`
--

/*!40101 SET @saved_cs_client     = @@character_set_client */;
/*!40101 SET character_set_client = utf8 */;
CREATE TABLE `case_type` (
  `id` int(11) NOT NULL AUTO_INCREMENT,
  `type` varchar(250) NOT NULL,
  `auto_id` int(11) NOT NULL,
  PRIMARY KEY (`id`)
) ENGINE=InnoDB AUTO_INCREMENT=26 DEFAULT CHARSET=utf8mb4;
/*!40101 SET character_set_client = @saved_cs_client */;

--
-- Dumping data for table `case_type`
--

LOCK TABLES `case_type` WRITE;
/*!40000 ALTER TABLE `case_type` DISABLE KEYS */;
SET autocommit=0;
INSERT INTO `case_type` VALUES (2,'রিট পিটিশন',1),(3,'কনটেম্পট পিটিশন',1),(4,'এডমিলারিটি স্যুট',1),(5,'ফার্স্ট আপীল',1),(6,'আরবিট্রেশন এপ্লিকেশন',1),(7,'সিপিএলএ',2),(8,'সিএমপি',2),(9,'সিভিল রিভিউ পিটিশন',2),(10,'ক্রিমিনাল রিভিউ পিটিশন',2),(11,'কনটেম্পট পিটিশন',2),(12,'সিভিল আপীল',2),(13,'মানি স্যুট',3),(14,'মানি এক্সিকিউশন মামলা',3),(15,'অর্থঋণ মামলা',3),(16,'টাইটেল স্যুট',3),(17,'মিসকেস',3),(18,'আরবিট্রেশন এপ্লিকেশন',3),(19,'ট্রান্সফার মিসকেস',3),(20,'মিস আপীল',3),(21,'জিআর',4),(22,'সিআর',4),(23,'দেওয়ানী',4),(24,'বিএলএল',5),(25,'আপীল মামলা',6);
/*!40000 ALTER TABLE `case_type` ENABLE KEYS */;
UNLOCK TABLES;
COMMIT;

-- Dumped table `case_type` with 24 row(s)
--

--
-- Table structure for table `court_division`
--

/*!40101 SET @saved_cs_client     = @@character_set_client */;
/*!40101 SET character_set_client = utf8 */;
CREATE TABLE `court_division` (
  `id` int(11) NOT NULL AUTO_INCREMENT,
  `court_division_name` varchar(100) NOT NULL,
  `auto_id` int(11) NOT NULL,
  PRIMARY KEY (`id`)
) ENGINE=InnoDB AUTO_INCREMENT=13 DEFAULT CHARSET=utf8mb4;
/*!40101 SET character_set_client = @saved_cs_client */;

--
-- Dumping data for table `court_division`
--

LOCK TABLES `court_division` WRITE;
/*!40000 ALTER TABLE `court_division` DISABLE KEYS */;
SET autocommit=0;
INSERT INTO `court_division` VALUES (1,'হাইকোর্ট বিভাগ',1),(2,'আপিল বিভাগ',1),(3,'জজ কোর্ট',2),(4,'সিএমএম কোর্ট',2),(5,'শ্রম আদালত',2),(6,'শ্রম আপীল আদালত',2);
/*!40000 ALTER TABLE `court_division` ENABLE KEYS */;
UNLOCK TABLES;
COMMIT;

-- Dumped table `court_division` with 6 row(s)
--

--
-- Table structure for table `court_type`
--

/*!40101 SET @saved_cs_client     = @@character_set_client */;
/*!40101 SET character_set_client = utf8 */;
CREATE TABLE `court_type` (
  `id` int(11) NOT NULL AUTO_INCREMENT,
  `type` varchar(100) NOT NULL,
  PRIMARY KEY (`id`)
) ENGINE=InnoDB AUTO_INCREMENT=5 DEFAULT CHARSET=utf8mb4;
/*!40101 SET character_set_client = @saved_cs_client */;

--
-- Dumping data for table `court_type`
--

LOCK TABLES `court_type` WRITE;
/*!40000 ALTER TABLE `court_type` DISABLE KEYS */;
SET autocommit=0;
INSERT INTO `court_type` VALUES (1,'উচ্চ আদালত'),(2,'নিম্ন আদালত');
/*!40000 ALTER TABLE `court_type` ENABLE KEYS */;
UNLOCK TABLES;
COMMIT;

-- Dumped table `court_type` with 2 row(s)
--

--
-- Table structure for table `legal_tbl`
--

/*!40101 SET @saved_cs_client     = @@character_set_client */;
/*!40101 SET character_set_client = utf8 */;
CREATE TABLE `legal_tbl` (
  `id` int(11) NOT NULL AUTO_INCREMENT,
  `org_name` varchar(20) NOT NULL DEFAULT 'বিসিআইসি',
  `court_type` varchar(100) CHARACTER SET utf8mb4 COLLATE utf8mb4_unicode_ci NOT NULL,
  `court_division` varchar(100) NOT NULL,
  `case_type` varchar(200) NOT NULL,
  `case_no` varchar(100) NOT NULL,
  `case_date` varchar(100) NOT NULL,
  `case_duration` date NOT NULL,
  `reason_of_case` text NOT NULL,
  `plaintiff_name` varchar(250) NOT NULL,
  `defendant_name` varchar(250) NOT NULL,
  `lower_name_address` text NOT NULL,
  `case_filing_date` date NOT NULL,
  `hearing_date` date NOT NULL,
  `hearing_result` varchar(100) NOT NULL,
  `next_hearing_result_date` date NOT NULL,
  `case_filing_accept_steps` text NOT NULL,
  `panel_lower_info` text NOT NULL,
  `panel_low_adv_info` text NOT NULL,
  `remarks` text NOT NULL,
  `concate3col` varchar(250) NOT NULL,
  PRIMARY KEY (`id`)
) ENGINE=InnoDB AUTO_INCREMENT=111 DEFAULT CHARSET=utf8mb4;
/*!40101 SET character_set_client = @saved_cs_client */;

--
-- Dumping data for table `legal_tbl`
--

LOCK TABLES `legal_tbl` WRITE;
/*!40000 ALTER TABLE `legal_tbl` DISABLE KEYS */;
SET autocommit=0;
INSERT INTO `legal_tbl` VALUES (1,'বিসিআইসি','উচ্চ আদালত','হাইকোর্ট বিভাগ','রিট পিটিশন','২৭৯৫','২০০৫','0000-00-00','স্বেচ্ছায় অবসরের আবেদন প্রত্যাহারের আবেদন জানালে সংস্হা কর্তৃক উহা না মন্জুর করলে পিটিশনার এই রিট মামলা দায়ের করে।','মোঃ ইনাদুর রহমান','বিসিআইসি','ব্যারিস্টার তোফায়েলুর রহমান\r\n০১৮১৯২৫৩১৫৮','2005-02-03','2024-02-15','পক্ষে','0000-00-00','বিচারাধীন','ব্যারিস্টার তোফায়েলুর রহমান\r\n০১৮১৯২৫৩১৫৮','','আইনজীবী নিয়োগ, ওকালতনামা ও Parawise Comments প্রদান','রিট পিটিশন নং-২৭৯৫/২০০৫'),(2,'বিসিআইসি','উচ্চ আদালত','হাইকোর্ট বিভাগ','আরবিট্রেশন এপ্লিকেশন','০৬','২০০৪','0000-00-00','পারফরমেন্স গ্যারান্টি (৫১,২০০ মার্কিন ডলার)  নগদায়ন সংক্রান্ত','মাহফুজা রশিদ (বাল্ক ট্রেড ইন্টাঃ)','বিসিআইসি','এ এফ কবির','2004-03-29','2024-01-31','','0000-00-00','আইনজীবী নিয়োগ, ওকালতনামা ও Parawise Comments প্রদান','এ এফ কবির','','আইনজীবী নিয়োগ, ওকালতনামা ও Parawise Comments প্রদান','আরবিট্রেশন এপ্লিকেশন নং-০৬/২০০৪'),(3,'বিসিআইসি','উচ্চ আদালত','হাইকোর্ট বিভাগ','আরবিট্রেশন এপ্লিকেশন','০৭','২০০৪','0000-00-00','পারফরমেন্স গ্যারান্টি (৫১,২০০ মার্কিন ডলার) নগদায়ন সংক্রান্ত','মাহফুজা রশিদ (বাল্ক ট্রেড ইন্টাঃ)','বিসিআইসি','','2004-03-29','2024-01-31','','0000-00-00','আইনজীবী নিয়োগ, ওকালতনামা ও Parawise Comments প্রদান','','','আইনজীবী নিয়োগ, ওকালতনামা ও Parawise Comments প্রদান','আরবিট্রেশন এপ্লিকেশন নং-০৭/২০০৪'),(4,'বিসিআইসি','উচ্চ আদালত','হাইকোর্ট বিভাগ','রিট পিটিশন','৪২১২','২০০৫','0000-00-00','স্বেচ্ছায় অবসর গ্রহণ সংক্রান্ত মামলা','ইয়াসিন ব্যাপারী','বিসিআইসি','লিগ্যাল রেমিডি','0000-00-00','0000-00-00','','0000-00-00','','আইনজীবী নিয়োগ, ওকালতনামা ও Parawise Comments প্রদান','','বিচারাধীন','রিট পিটিশন নং-৪২১২/২০০৫'),(5,'বিসিআইসি','উচ্চ আদালত','হাইকোর্ট বিভাগ','রিট পিটিশন','৪২১৩','২০০৫','0000-00-00','স্বেচ্ছায় অবসর গ্রহণ সংক্রান্ত মামলা','শেখ শহীদ','বিসিআইসি','লিগ্যাল রেমিডি\r\n০১৭১১৩৩৩২২০০','0000-00-00','0000-00-00','','0000-00-00','আইনজীবী নিয়োগ, ওকালতনামা ও Parawise Comments প্রদান','','','বিচারাধীন','রিট পিটিশন নং-৪২১৩/২০০৫'),(6,'বিসিআইসি','উচ্চ আদালত','হাইকোর্ট বিভাগ','রিট পিটিশন','৩৫২১','২০০৫','0000-00-00','শর্তমতে রক ফসফেট সরবরাহ করতে ব্যর্থ হওয়ায় পিজি বাজেয়াপ্ত করা হলে  মামলা দায়ের করা হয়।','মেসার্স বাল্ক ট্রেড ইন্টার ন্যাশনাল ','বিসিআইসি','লিগ্যাল রেমিডি\r\n০১৭১১৩৩৩২২০০','0000-00-00','0000-00-00','','0000-00-00','আইনজীবী নিয়োগ, ওকালতনামা ও Parawise Comments প্রদান','','','বিচারাধীন','রিট পিটিশন নং-৩৫২১/২০০৫'),(7,'বিসিআইসি','উচ্চ আদালত','হাইকোর্ট বিভাগ','রিট পিটিশন','৫৮০১','২০০৫','0000-00-00','সার ডিলারশীপ সংক্রান্ত','রেজাউল করিম','সচিব, কৃষি মন্তণালয় ও অন্যান্য','ব্যারিস্টার তোফায়েলুর রহমান\r\n০১৮১৯২৫৩১৫৮','0000-00-00','0000-00-00','','0000-00-00','আইনজীবী নিয়োগ, ওকালতনামা ও Parawise Comments প্রদান','','','বিচারাধীন','রিট পিটিশন নং-৫৮০১/২০০৫'),(8,'বিসিআইসি','উচ্চ আদালত','হাইকোর্ট বিভাগ','রিট পিটিশন','৫৮০৫','২০০৫','0000-00-00','সার ডিলারশীপ সংক্রান্ত','ইফতেখার আহমেদ চৌঃ','সচিব, কৃষি মন্তণালয় ও অন্যান্য','ব্যারিস্টার তোফায়েলুর রহমান\r\n০১৮১৯২৫৩১৫৮','0000-00-00','0000-00-00','','0000-00-00','আইনজীবী নিয়োগ, ওকালতনামা ও Parawise Comments প্রদান','','','বিচারাধীন','রিট পিটিশন নং-৫৮০৫/২০০৫'),(9,'বিসিআইসি','উচ্চ আদালত','হাইকোর্ট বিভাগ','রিট পিটিশন','৫৮০৪','২০০৫','0000-00-00','সার ডিলারশীপ সংক্রান্ত','রহমত উল্লাহ','সচিব, কৃষি মন্তণালয় ও অন্যান্য','ব্যারিস্টার তোফায়েলুর রহমান\r\n০১৮১৯২৫৩১৫৮','0000-00-00','0000-00-00','','0000-00-00','আইনজীবী নিয়োগ, ওকালতনামা ও Parawise Comments প্রদান','','','বিচারাধীন','রিট পিটিশন নং-৫৮০৪/২০০৫'),(10,'বিসিআইসি','উচ্চ আদালত','হাইকোর্ট বিভাগ','রিট পিটিশন','৬৯৫৬','২০০৫','0000-00-00','সার ডিলারশীপ সংক্রান্ত','আব্দুল জব্বার','সচিব, কৃষি মন্তণালয় ও অন্যান্য','ব্যারিস্টার তোফায়েলুর রহমান\r\n০১৮১৯২৫৩১৫৮','0000-00-00','0000-00-00','','0000-00-00','আইনজীবী নিয়োগ, ওকালতনামা ও Parawise Comments প্রদান','','','বিচারাধীন','রিট পিটিশন নং-৬৯৫৬/২০০৫'),(11,'বিসিআইসি','উচ্চ আদালত','হাইকোর্ট বিভাগ','রিট পিটিশন','৮৭৮৯','২০০৫','0000-00-00','সার ডিলারশীপ সংক্রান্ত','রইসুল ইসলাম','সচিব, কৃষি মন্তণালয় ও অন্যান্য','ব্যারিস্টার তোফায়েলুর রহমান\r\n০১৮১৯২৫৩১৫৮','0000-00-00','0000-00-00','','0000-00-00','','','আইনজীবী নিয়োগ, ওকালতনামা ও Parawise Comments প্রদান','বিচারাধীন','রিট পিটিশন নং-৮৭৮৯/২০০৫'),(12,'বিসিআইসি','উচ্চ আদালত','হাইকোর্ট বিভাগ','রিট পিটিশন','৫৮০২','২০০৫','0000-00-00','সার ডিলারশিপ সংক্রান্ত','সম্পা বেগম','সচিব, কৃষি মন্তণালয় ও অন্যান্য','ব্যারিস্টার তোফায়েলুর রহমান\r\n০১৮১৯২৫৩১৫৮','0000-00-00','0000-00-00','','0000-00-00','ব্যারিস্টার তোফায়েলুর রহমান\r\n০১৮১৯২৫৩১৫৮','','','','রিট পিটিশন নং-৫৮০২/২০০৫'),(13,'বিসিআইসি','উচ্চ আদালত','হাইকোর্ট বিভাগ','রিট পিটিশন','৪৬৮৯','২০০৬','0000-00-00','সার ডিলারশীপ সংক্রান্ত','মাহফুজুর রহমান','বিসিআইসি','লিগ্যাল রেমিডি\r\n০১৭১১৩৩৩২২০০','0000-00-00','0000-00-00','','0000-00-00','আইনজীবী নিয়োগ, ওকালতনামা ও Parawise Comments প্রদান','','','','রিট পিটিশন নং-৪৬৮৯/২০০৬'),(14,'বিসিআইসি','উচ্চ আদালত','হাইকোর্ট বিভাগ','রিট পিটিশন','৪৪৭৮','২০০৬','0000-00-00','সার ডিলারশীপ সংক্রান্ত','রকিবুল হাসান','বিসিআইসি','লিগ্যাল রেমিডি\r\n০১৭১১৩৩৩২২০০','0000-00-00','0000-00-00','','0000-00-00','আইনজীবী নিয়োগ, ওকালতনামা ও Parawise Comments প্রদান','','','','রিট পিটিশন নং-৪৪৭৮/২০০৬'),(15,'বিসিআইসি','উচ্চ আদালত','হাইকোর্ট বিভাগ','রিট পিটিশন','৪৬৯১','২০০৬','0000-00-00','সার ডিলারশিপ সংক্রান্ত','হামিদা পারভীন','সচিব, কৃষি মন্ত্রণালয় ও অন্যান্য','লিগ্যাল রেমিডি\r\n০১৭১১৩৩৩২২০০','0000-00-00','0000-00-00','','0000-00-00','আইনজীবী নিয়োগ, ওকালতনামা ও Parawise Comments প্রদান','লিগ্যাল রেমিডি\r\n০১৭১১৩৩৩২২০০','','','রিট পিটিশন নং-৪৬৯১/২০০৬'),(16,'বিসিআইসি','উচ্চ আদালত','হাইকোর্ট বিভাগ','রিট পিটিশন','৪৪২৩','২০০৬','0000-00-00','সার ডিলারশীপ সংক্রান্ত','কাকলী স্টোর','সচিব, কৃষি মন্ত্রণালয় ও অন্যান্য','ব্যারিস্টার তোফায়েলুর রহমান\r\n০১৮১৯২৫৩১৫৮','0000-00-00','0000-00-00','','0000-00-00','আইনজীবী নিয়োগ, ওকালতনামা ও Parawise Comments প্রদান','','','','রিট পিটিশন নং-৪৪২৩/২০০৬'),(17,'বিসিআইসি','উচ্চ আদালত','হাইকোর্ট বিভাগ','রিট পিটিশন','৬৪২২','২০০৬','0000-00-00','সার ডিলারশিপ সংক্রান্ত','জাহাঙ্গীর হোসেন','সচিব, কৃষি মন্ত্রণালয় ও অন্যান্য','ব্যারিস্টার তোফায়েলুর রহমান\r\n০১৮১৯২৫৩১৫৮','0000-00-00','0000-00-00','','0000-00-00','আইনজীবী নিয়োগ, ওকালতনামা ও Parawise Comments প্রদান','','','','রিট পিটিশন নং-৬৪২২/২০০৬'),(18,'বিসিআইসি','উচ্চ আদালত','হাইকোর্ট বিভাগ','রিট পিটিশন','৭৮৭৩','২০০৬','0000-00-00','সার ডিলারশিপ সংক্রান্ত','মোঃ ইসরাঈল','সচিব, কৃষি মন্ত্রণালয় ও অন্যান্য','লিগ্যাল রেমিডি\r\n০১৭১১৩৩৩২২০০','0000-00-00','0000-00-00','','0000-00-00','আইনজীবী নিয়োগ, ওকালতনামা ও Parawise Comments প্রদান','','','','রিট পিটিশন নং-৭৮৭৩/২০০৬'),(19,'বিসিআইসি','উচ্চ আদালত','হাইকোর্ট বিভাগ','রিট পিটিশন','৬৪২১','২০০৬','0000-00-00','সার ডিলারশীপ সংক্রান্ত','সাদিয়া এন্টারপ্রাইজ','সচিব, কৃষি মন্ত্রণালয় ও অন্যান্য','ব্যারিস্টার তোফায়েলুর রহমান\r\n০১৮১৯২৫৩১৫৮','0000-00-00','0000-00-00','','0000-00-00','আইনজীবী নিয়োগ, ওকালতনামা ও Parawise Comments প্রদান','','','','রিট পিটিশন নং-৬৪২১/২০০৬'),(20,'বিসিআইসি','উচ্চ আদালত','হাইকোর্ট বিভাগ','রিট পিটিশন','৬৪২২','২০০৬','0000-00-00','সার ডিলারশীপ সংক্রান্ত','শারমিন এন্টারপ্রাইজ','সচিব, কৃষি মন্ত্রণালয় ও অন্যান্য','ব্যারিস্টার তোফায়েলুর রহমান\r\n০১৮১৯২৫৩১৫৮','0000-00-00','0000-00-00','','0000-00-00','আইনজীবী নিয়োগ, ওকালতনামা ও Parawise Comments প্রদান','','','','রিট পিটিশন নং-৬৪২২/২০০৬'),(21,'বিসিআইসি','উচ্চ আদালত','হাইকোর্ট বিভাগ','রিট পিটিশন','৬৪২৩','২০০৬','0000-00-00','সার ডিলারশীপ সংক্রান্ত','ফাতেমা এন্টারপ্রাইজ','সচিব, কৃষি মন্ত্রণালয় ও অন্যান্য','','0000-00-00','0000-00-00','','0000-00-00','আইনজীবী নিয়োগ, ওকালতনামা ও Parawise Comments প্রদান','','','','রিট পিটিশন নং-৬৪২৩/২০০৬'),(22,'বিসিআইসি','উচ্চ আদালত','হাইকোর্ট বিভাগ','রিট পিটিশন','১১০৩','২০০৬','0000-00-00','স্বেচ্ছায় অবসরের আবেদন প্রত্যাহারের আবেদন জানালে সংস্থা কর্তৃক উহা না-মঞ্জুর করলে পিটিশনার এই রিট মামলা দায়ের করে','আব্দুর রব','বিসিআইসি','লিগ্যাল রেমিডি\r\n০১৭১১৩৩৩২২০০','0000-00-00','0000-00-00','','0000-00-00','আইনজীবী নিয়োগ, ওকালতনামা ও Parawise Comments প্রদান','','','','রিট পিটিশন নং-১১০৩/২০০৬'),(23,'বিসিআইসি','উচ্চ আদালত','হাইকোর্ট বিভাগ','রিট পিটিশন','১৪০৭','২০০৬','0000-00-00','স্বেচ্ছায় অবসরের আবেদন প্রত্যাহারের আবেদন জানালে সংস্হা কর্তৃক উহা না মঞ্জুর করলে পিটিশনার এই রিট মামলা দায়ের করে','মোঃ সাইদুর রহমান ভূইঁয়া','বিসিআইসি','লিগ্যাল রেমিডি\r\n০১৭১১৩৩৩২২০০','0000-00-00','0000-00-00','','0000-00-00','আইনজীবী নিয়োগ, ওকালতনামা ও Parawise Comments প্রদান','','','','রিট পিটিশন নং-১৪০৭/২০০৬'),(24,'বিসিআইসি','উচ্চ আদালত','হাইকোর্ট বিভাগ','রিট পিটিশন','৭১৫৯','২০০৬','0000-00-00','সর্বনিম্ন দরদাতা দরপত্রটি টেন্ডারের শর্তমতে না হওয়ার পরও সংস্থা উক্ত টেন্ডার গ্রহণ করে এবং নন ট্রান্সফারেবল এল/সি এর শর্ত জুড়ে দেয়। পরবর্তীতে দরপত্র দাতার শর্তপূরণে ব্যর্থতার জন্য মেসার্স প্রমিজ ট্রেডার্স দরপত্রের সাথে দাখিলকৃত ১৫,০০০০০ টাকার বিড বন্ড সংস্থা কর্তৃক নগদায়নের ব্যবস্থা গ্রহণ করা হলে মেসার্স প্রমিজ ট্রেডার্স এর মালিক এ.ট.এম. রুহুল আমিন বাদী হয়ে আলোচ্য রিট পিটিশন দায়ের করে।','টি,এম, রুহুল আমিন, প্রোপ্রাইটর- মেসার্স প্রমিজ ট্রেডার্স','বিসিআইসি','তোফায়েলুর রহমান\r\n০১৮১৯২৫৩১৫৮','0000-00-00','0000-00-00','','0000-00-00','আইনজীবী নিয়োগ, ওকালতনামা ও Parawise Comments প্রদান','','','','রিট পিটিশন নং-৭১৫৯/২০০৬'),(25,'বিসিআইসি','উচ্চ আদালত','হাইকোর্ট বিভাগ','ফার্স্ট আপীল','১৮৪','২০০৭','0000-00-00','আমদানীকৃত রক ফসফেট সরবরাহ করতে না পারায় ব্যাংক গ্যারান্টি বাবদ ৬৫, ৯০, ০০০ হাজার টাকা বাজেয়াপ্ত করা হয়।','আমিনুর রশিদ খান, মেসার্স হাইড্রোকার্বন','বিসিআইসি','এম এ সামাদ\r\n০১৭১৫৯২৩২৫০','0000-00-00','0000-00-00','','0000-00-00','আইনজীবী নিয়োগ, ওকালতনামা ও Parawise Comments প্রদান','','','','ফার্স্ট আপীল নং-১৮৪/২০০৭'),(26,'বিসিআইসি','উচ্চ আদালত','হাইকোর্ট বিভাগ','রিট পিটিশন','৩৯৪১','২০০৭','0000-00-00','সার ডিলারশীপ সংক্রান্ত','শহিদুল ইসলাম','সচিব, কৃষি মন্তণালয় ও অন্যান্য','ব্যারিস্টার তোফায়েলুর রহমান\r\n০১৮১৯২৫৩১৫৮','0000-00-00','0000-00-00','','0000-00-00','আইনজীবী নিয়োগ, ওকালতনামা ও Parawise Comments প্রদান','','','','রিট পিটিশন নং-৩৯৪১/২০০৭'),(27,'বিসিআইসি','উচ্চ আদালত','হাইকোর্ট বিভাগ','রিট পিটিশন','৯৬৪৯','২০০৭','0000-00-00','সার ডিলারশীপ সংক্রান্ত','সিকান্দার আলী','সিকান্দার আলী','ব্যারিস্টার তোফায়েলুর রহমান\r\n০১৮১৯২৫৩১৫৮','0000-00-00','0000-00-00','','0000-00-00','আইনজীবী নিয়োগ, ওকালতনামা ও Parawise Comments প্রদান','','','','রিট পিটিশন নং-৯৬৪৯/২০০৭'),(28,'বিসিআইসি','উচ্চ আদালত','হাইকোর্ট বিভাগ','রিট পিটিশন','১০৩৮২','২০০৭','0000-00-00','সার ডিলারশিপ সংক্রান্ত','আতিক এন্টারপ্রাইজ','বিসিআইসি','ব্যারিস্টার তোফায়েলুর রহমান\r\n০১৮১৯২৫৩১৫৮\r\n','0000-00-00','0000-00-00','','0000-00-00','আইনজীবী নিয়োগ, ওকালতনামা ও Parawise Comments প্রদান','','','','রিট পিটিশন নং-১০৩৮২/২০০৭'),(29,'বিসিআইসি','উচ্চ আদালত','হাইকোর্ট বিভাগ','রিট পিটিশন','১০৬৫৬','২০০৭','0000-00-00','সার ডিলারশীপ সংক্রান্ত','আশরাফুল আলম','বিসিআইসি','ব্যারিস্টার তোফায়েলুর রহমান\r\n০১৮১৯২৫৩১৫৮','0000-00-00','0000-00-00','','0000-00-00','আইনজীবী নিয়োগ, ওকালতনামা ও Parawise Comments প্রদান','','','','রিট পিটিশন নং-১০৬৫৬/২০০৭'),(30,'বিসিআইসি','উচ্চ আদালত','হাইকোর্ট বিভাগ','রিট পিটিশন','৯৯২২','২০০৭','0000-00-00','সার ডিলারশীপ সংক্রান্ত','রোনাক ট্রেডার্স','বিসিআইসি','ব্যারিস্টার তোফায়েলুর রহমান\r\n০১৮১৯২৫৩১৫৮\r\n','0000-00-00','0000-00-00','','0000-00-00','আইনজীবী নিয়োগ, ওকালতনামা ও Parawise Comments প্রদান','','','','রিট পিটিশন নং-৯৯২২/২০০৭'),(31,'বিসিআইসি','উচ্চ আদালত','হাইকোর্ট বিভাগ','রিট পিটিশন','৭৩৭','২০০৭','0000-00-00','সার ডিলারশিপ সংক্রান্ত','জামাল উদ্দিন','বিসিআইসি','ব্যারিস্টার তোফায়েলুর রহমান\r\n০১৮১৯২৫৩১৫৮\r\n','0000-00-00','0000-00-00','','0000-00-00','আইনজীবী নিয়োগ, ওকালতনামা ও Parawise Comments প্রদান','','','','রিট পিটিশন নং-৭৩৭/২০০৭'),(32,'বিসিআইসি','উচ্চ আদালত','হাইকোর্ট বিভাগ','রিট পিটিশন','১০৬৫৭','২০০৭','0000-00-00','সার ডিলারশীপ সংক্রান্ত','ঊষা এন্টারপ্রাইজ','বিসিআইসি','ব্যারিস্টার তোফায়েলুর রহমান\r\n০১৮১৯২৫৩১৫৮','0000-00-00','0000-00-00','','0000-00-00','আইনজীবী নিয়োগ, ওকালতনামা ও Parawise Comments প্রদান','','','','রিট পিটিশন নং-১০৬৫৭/২০০৭'),(33,'বিসিআইসি','উচ্চ আদালত','হাইকোর্ট বিভাগ','রিট পিটিশন','১১০১২','২০০৭','0000-00-00','সার ডিলারশীপ সংক্রান্ত','হোসেন এন্টারপ্রাইজ','বিসিআইসি','ব্যারিস্টার তোফায়েলুর রহমান\r\n০১৮১৯২৫৩১৫৮	','0000-00-00','0000-00-00','','0000-00-00','আইনজীবী নিয়োগ, ওকালতনামা ও Parawise Comments প্রদান\r\n','','','','রিট পিটিশন নং-১১০১২/২০০৭'),(34,'বিসিআইসি','উচ্চ আদালত','হাইকোর্ট বিভাগ','রিট পিটিশন','১০৬৫৮','২০০৭','0000-00-00','	সার ডিলারশীপ সংক্রান্ত		\r\n','আশা  এন্টারপ্রাইজ','সচিব, কৃষি মন্তণালয় ও অন্যান্য','ব্যারিস্টার তোফায়েলুর রহমান\r\n০১৮১৯২৫৩১৫৮	','0000-00-00','0000-00-00','','0000-00-00','আইনজীবী নিয়োগ, ওকালতনামা ও Parawise Comments প্রদান','','','','রিট পিটিশন নং-১০৬৫৮/২০০৭'),(35,'বিসিআইসি','','','','৫৯৮','২০০৭','0000-00-00','সার ডিলারশীপ সংক্রান্ত			\r\n','হক এন্টারপ্রাইজ','সচিব, কৃষি মন্ত্রণালয় ও অন্যান্য','ব্যারিস্টার তোফায়েলুর রহমান\r\n০১৮১৯২৫৩১৫৮','0000-00-00','0000-00-00','','0000-00-00','আইনজীবী নিয়োগ, ওকালতনামা ও Parawise Comments প্রদান','','','',' নং-৫৯৮/২০০৭'),(36,'বিসিআইসি','উচ্চ আদালত','হাইকোর্ট বিভাগ','রিট পিটিশন','৯২২','২০০৭','0000-00-00','সার ডিলারশীপ সংক্রান্ত		\r\n','রেজাউল করিম','সচিব, কৃষি মন্ত্রণালয় ও অন্যান্য','ব্যারিস্টার তোফায়েলুর রহমান\r\n০১৮১৯২৫৩১৫৮','0000-00-00','0000-00-00','','0000-00-00','আইনজীবী নিয়োগ, ওকালতনামা ও Parawise Comments প্রদান','','','','রিট পিটিশন নং-৯২২/২০০৭'),(37,'বিসিআইসি','উচ্চ আদালত','হাইকোর্ট বিভাগ','রিট পিটিশন','১১৬১','২০০৭','0000-00-00','সার ডিলারশীপ সংক্রান্ত			\r\n','তালুকদার এন্টারপ্রাইজ','সচিব, কৃষি মন্ত্রণালয় ও অন্যান্য','ব্যারিস্টার তোফায়েলুর রহমান\r\n০১৮১৯২৫৩১৫৮','0000-00-00','0000-00-00','','0000-00-00','আইনজীবী নিয়োগ, ওকালতনামা ও Parawise Comments প্রদান','','','','রিট পিটিশন নং-১১৬১/২০০৭'),(38,'বিসিআইসি','','','','৯২৩','২০০৮','0000-00-00','সার ডিলারশীপ সংক্রান্ত	\r\n','মোঃ কামাল উদ্দিন','সচিব, কৃষি মন্ত্রণালয় ও অন্যান্য','ব্যারিস্টার তোফায়েলুর রহমান\r\n০১৮১৯২৫৩১৫৮	','0000-00-00','0000-00-00','','0000-00-00','আইনজীবী নিয়োগ, ওকালতনামা ও Parawise Comments প্রদান','','','',' নং-৯২৩/২০০৮'),(39,'বিসিআইসি','উচ্চ আদালত','হাইকোর্ট বিভাগ','রিট পিটিশন','১৩৮৫','২০০৮	','0000-00-00','	সার ডিলারশীপ সংক্রান্ত			\r\n','মেসার্স জুলমানান ট্রেডার্স','সচিব, কৃষি মন্ত্রণালয় ও অন্যান্য','ব্যারিস্টার তোফায়েলুর রহমান\r\n০১৮১৯২৫৩১৫৮','0000-00-00','0000-00-00','','0000-00-00','আইনজীবী নিয়োগ, ওকালতনামা ও Parawise Comments প্রদান','','','','রিট পিটিশন নং-১৩৮৫/২০০৮	'),(40,'বিসিআইসি','উচ্চ আদালত','হাইকোর্ট বিভাগ','রিট পিটিশন','৮০২','২০০৮','0000-00-00','সার ডিলারশীপ সংক্রান্ত			\r\n','মেসার্স এন ইসলাম ','সচিব, কৃষি মন্ত্রণালয় ও অন্যান্য','ব্যারিস্টার তোফায়েলুর রহমান\r\n০১৮১৯২৫৩১৫৮','0000-00-00','0000-00-00','','0000-00-00','আইনজীবী নিয়োগ, ওকালতনামা ও Parawise Comments প্রদান','','','','রিট পিটিশন নং-৮০২/২০০৮'),(41,'বিসিআইসি','উচ্চ আদালত','হাইকোর্ট বিভাগ','রিট পিটিশন','৮০২','২০০৮','0000-00-00','সার ডিলারশীপ সংক্রান্ত		\r\n','মোঃ মোস্তাফিজুর রহমান','সচিব, কৃষি মন্ত্রণালয় ও অন্যান্য','ব্যারিস্টার তোফায়েলুর রহমান\r\n০১৮১৯২৫৩১৫৮	','0000-00-00','0000-00-00','','0000-00-00','আইনজীবী নিয়োগ, ওকালতনামা ও Parawise Comments প্রদান','','','','রিট পিটিশন নং-৮০২/২০০৮'),(42,'বিসিআইসি','উচ্চ আদালত','হাইকোর্ট বিভাগ','রিট পিটিশন','৫৯৮','২০০৮','0000-00-00','সার ডিলারশীপ সংক্রান্ত		\r\n','ইশরামুল হক','সচিব, কৃষি মন্ত্রণালয় ও অন্যান্য','ব্যারিস্টার তোফায়েলুর রহমান\r\n০১৮১৯২৫৩১৫৮','0000-00-00','0000-00-00','','0000-00-00','আইনজীবী নিয়োগ, ওকালতনামা ও Parawise Comments প্রদান','','','','রিট পিটিশন নং-৫৯৮/২০০৮'),(43,'বিসিআইসি','উচ্চ আদালত','হাইকোর্ট বিভাগ','রিট পিটিশন','১০৭৪','২০০৮','0000-00-00','সার ডিলারশীপ সংক্রান্ত	\r\n','জামাল এন্ড সিদ্দিক ট্রেডার্স','সচিব, কৃষি মন্ত্রণালয় ও অন্যান্য','ব্যারিস্টার তোফায়েলুর রহমান\r\n০১৮১৯২৫৩১৫৮','0000-00-00','0000-00-00','','0000-00-00','	আইনজীবী নিয়োগ, ওকালতনামা ও Parawise Comments প্রদান','','','','রিট পিটিশন নং-১০৭৪/২০০৮'),(44,'বিসিআইসি','উচ্চ আদালত','হাইকোর্ট বিভাগ','রিট পিটিশন','২৮৬৭','২০০৮','0000-00-00','সার ডিলারশীপ সংক্রান্ত			\r\n','নূর নবী','সচিব, কৃষি মন্ত্রণালয় ও অন্যান্য','ব্যারিস্টার তোফায়েলুর রহমান\r\n০১৮১৯২৫৩১৫৮','0000-00-00','0000-00-00','','0000-00-00','আইনজীবী নিয়োগ, ওকালতনামা ও Parawise Comments প্রদান','','','','রিট পিটিশন নং-২৮৬৭/২০০৮'),(45,'বিসিআইসি','উচ্চ আদালত','হাইকোর্ট বিভাগ','রিট পিটিশন',' ১৭৫৬','২০০৮','0000-00-00',' \r\n	বিসিআইসি	৫৭ বছর বয়স পূর্তিতে চাকরি হতে অবসর প্রদানের বিষয় দায়েরকৃত মামলা			\r\n','মোঃ মনিরুল ইসলাম','বিসিআইসি','ব্যারিস্টার তোফায়েলুর রহমান\r\n০১৮১৯২৫৩১৫৮','0000-00-00','0000-00-00','','0000-00-00','আইনজীবী নিয়োগ, ওকালতনামা ও Parawise Comments প্রদান','','','','রিট পিটিশন নং- ১৭৫৬/২০০৮'),(46,'বিসিআইসি','উচ্চ আদালত','হাইকোর্ট বিভাগ','রিট পিটিশন',' ১৭৬১','২০০৮','0000-00-00','	বিসিআইসি	৫৭ বছর বয়স পূর্তিতে চাকরি হতে অবসর প্রদানের বিষয় দায়েরকৃত মামলা			','মোঃ আব্দুস সালাম','বিসিআইসি','ব্যারিস্টার তোফায়েলুর রহমান\r\n০১৮১৯২৫৩১৫৮','0000-00-00','0000-00-00','','0000-00-00','আইনজীবী নিয়োগ, ওকালতনামা ও Parawise Comments প্রদান\r\n','','','','রিট পিটিশন নং- ১৭৬১/২০০৮'),(47,'বিসিআইসি','উচ্চ আদালত','হাইকোর্ট বিভাগ','রিট পিটিশন','১৭৬৯','২০০৮','0000-00-00','		৫৭ বছর বয়স পূর্তিতে চাকরি হতে অবসর প্রদানের বিষয় দায়েরকৃত মামলা			\r\n','মোঃ আজিজুর রহমান','বিসিআইসি','ব্যারিস্টার তোফায়েলুর রহমান\r\n০১৮১৯২৫৩১৫৮','0000-00-00','0000-00-00','','0000-00-00','আইনজীবী নিয়োগ, ওকালতনামা ও Parawise Comments প্রদান','','','','রিট পিটিশন নং-১৭৬৯/২০০৮'),(48,'বিসিআইসি','উচ্চ আদালত','হাইকোর্ট বিভাগ','রিট পিটিশন','  ৫৯১৪','২০০৮','0000-00-00','৫৭ বছর বয়স পূর্তিতে চাকরি হতে অবসর প্রদানের বিষয় দায়েরকৃত মামলা			','আতাউর রহমান','বিসিআইসি','ব্যারিস্টার তোফায়েলুর রহমান\r\n০১৮১৯২৫৩১৫৮','0000-00-00','0000-00-00','','0000-00-00','আইনজীবী নিয়োগ, ওকালতনামা ও Parawise Comments প্রদান\r\n','','','','রিট পিটিশন নং-  ৫৯১৪/২০০৮'),(49,'বিসিআইসি','উচ্চ আদালত','হাইকোর্ট বিভাগ','রিট পিটিশন',' ৬২০৩','','0000-00-00','৫৭ বছর বয়স পূর্তিতে চাকরি হতে অবসর প্রদানের বিষয় দায়েরকৃত মামলা			\r\n','নুরুল আমিন সরদার','বিসিআইসি','ব্যারিস্টার তোফায়েলুর রহমান\r\n০১৮১৯২৫৩১৫৮','0000-00-00','0000-00-00','','0000-00-00','আইনজীবী নিয়োগ, ওকালতনামা ও Parawise Comments প্রদান','','','','রিট পিটিশন নং- ৬২০৩/'),(50,'বিসিআইসি','উচ্চ আদালত','হাইকোর্ট বিভাগ','রিট পিটিশন','৯৯৩০','২০০৮','0000-00-00','৫৭ বছর বয়স পূর্তিতে চাকরি হতে অবসর প্রদানের বিষয় দায়েরকৃত মামলা			','আমিরুল ইসলাম','বিসিআইসি','ব্যারিস্টার তোফায়েলুর রহমান\r\n০১৮১৯২৫৩১৫৮','0000-00-00','0000-00-00','','0000-00-00','আইনজীবী নিয়োগ, ওকালতনামা ও Parawise Comments প্রদান','','','','রিট পিটিশন নং-৯৯৩০/২০০৮'),(51,'বিসিআইসি','উচ্চ আদালত','হাইকোর্ট বিভাগ','রিট পিটিশন','১৭৯৮','২০০৮','0000-00-00','		৫৭ বছর বয়স পূর্তিতে চাকরি হতে অবসর প্রদানের বিষয় দায়েরকৃত মামলা			\r\n','শাহীন মিয়া','বিসিআইসি','ব্যারিস্টার তোফায়েলুর রহমান\r\n০১৮১৯২৫৩১৫৮','0000-00-00','0000-00-00','','0000-00-00','আইনজীবী নিয়োগ, ওকালতনামা ও Parawise Comments প্রদান','','','','রিট পিটিশন নং-১৭৯৮/২০০৮'),(52,'বিসিআইসি','উচ্চ আদালত','হাইকোর্ট বিভাগ','রিট পিটিশন',' ১২৪','২০০৯','0000-00-00','		৫৭ বছর বয়স পূর্তিতে চাকরি হতে অবসর প্রদানের বিষয় দায়েরকৃত মামলা			','মোঃ ওয়াজি উল্লাহ গং','বিসিআইসি','ব্যারিস্টার তোফায়েলুর রহমান\r\n০১৮১৯২৫৩১৫৮','0000-00-00','0000-00-00','','0000-00-00','আইনজীবী নিয়োগ, ওকালতনামা ও Parawise Comments প্রদান','','','','রিট পিটিশন নং- ১২৪/২০০৯'),(53,'বিসিআইসি','উচ্চ আদালত','হাইকোর্ট বিভাগ','রিট পিটিশন','৪১৪৩','২০০৯','0000-00-00','		৫৭ বছর বয়স পূর্তিতে চাকরি হতে অবসর প্রদানের বিষয় দায়েরকৃত মামলা			','মোঃ সামসুদ্দিন (প্রাক্তন মাষ্টার, টেকনিসিয়ান, সিইউএফএল)','বিসিআইসি','ব্যারিস্টার তোফায়েলুর রহমান\r\n০১৮১৯২৫৩১৫৮','0000-00-00','0000-00-00','','0000-00-00','আইনজীবী নিয়োগ, ওকালতনামা ও Parawise Comments প্রদান\r\n','','','','রিট পিটিশন নং-৪১৪৩/২০০৯'),(54,'বিসিআইসি','উচ্চ আদালত','হাইকোর্ট বিভাগ','রিট পিটিশন','২১৩','২০০৯','0000-00-00','		৫৭ বছর বয়স পূর্তিতে চাকরি হতে অবসর প্রদানের বিষয় দায়েরকৃত মামলা			\r\n','আব্দুল ওয়াহেদ শেখ গং','বিসিআইসি','ব্যারিস্টার তোফায়েলুর রহমান\r\n০১৮১৯২৫৩১৫৮','0000-00-00','0000-00-00','','0000-00-00','আইনজীবী নিয়োগ, ওকালতনামা ও Parawise Comments প্রদান','','','','রিট পিটিশন নং-২১৩/২০০৯'),(55,'বিসিআইসি','উচ্চ আদালত','হাইকোর্ট বিভাগ','রিট পিটিশন',' ৬৬৪৯','২০০৯','0000-00-00','	৫৭ বছর বয়স পূর্তিতে চাকরি হতে অবসর প্রদানের বিষয় দায়েরকৃত মামলা			\r\n','রুহুল আমিন গং	','বিসিআইসি','ব্যারিস্টার তোফায়েলুর রহমান\r\n০১৮১৯২৫৩১৫৮','0000-00-00','0000-00-00','','0000-00-00','আইনজীবী নিয়োগ, ওকালতনামা ও Parawise Comments প্রদান','','','','রিট পিটিশন নং- ৬৬৪৯/২০০৯'),(56,'বিসিআইসি','উচ্চ আদালত','হাইকোর্ট বিভাগ','রিট পিটিশন','৩৯৯৩','২০০৯','0000-00-00','	৫৭ বছর বয়স পূর্তিতে চাকরি হতে অবসর প্রদানের বিষয় দায়েরকৃত মামলা			আ\r\n','সামছুল হক গং	','বিসিআইসি','ব্যারিস্টার তোফায়েলুর রহমান\r\n০১৮১৯২৫৩১৫৮','0000-00-00','0000-00-00','','0000-00-00','ইনজীবী নিয়োগ, ওকালতনামা ও Parawise Comments প্রদান','','','','রিট পিটিশন নং-৩৯৯৩/২০০৯'),(57,'বিসিআইসি','উচ্চ আদালত','হাইকোর্ট বিভাগ','রিট পিটিশন',' ৫২১৮','২০০৯','0000-00-00','৫৭ বছর বয়স পূর্তিতে চাকরি হতে অবসর প্রদানের বিষয় দায়েরকৃত মামলা			\r\n','আবুল কাশেম','বিসিআইসি','ব্যারিস্টার তোফায়েলুর রহমান\r\n০১৮১৯২৫৩১৫৮','0000-00-00','0000-00-00','','0000-00-00','আইনজীবী নিয়োগ, ওকালতনামা ও Parawise Comments প্রদান','','','','রিট পিটিশন নং- ৫২১৮/২০০৯'),(58,'বিসিআইসি','উচ্চ আদালত','হাইকোর্ট বিভাগ','রিট পিটিশন','১৩২৯','২০০৯','0000-00-00','৫৭ বছর বয়স পূর্তিতে চাকরি হতে অবসর প্রদানের বিষয় দায়েরকৃত মামলা			','মোঃ ওয়াজি উল্লাহ গং','বিসিআইসি','ব্যারিস্টার তোফায়েলুর রহমান\r\n০১৮১৯২৫৩১৫৮','0000-00-00','0000-00-00','','0000-00-00','আইনজীবী নিয়োগ, ওকালতনামা ও Parawise Comments প্রদান\r\n','','','','রিট পিটিশন নং-১৩২৯/২০০৯'),(59,'বিসিআইসি','উচ্চ আদালত','হাইকোর্ট বিভাগ','রিট পিটিশন','১৭৮২','২০০৯','0000-00-00','	৫৭ বছর বয়স পূর্তিতে চাকরি হতে অবসর প্রদানের বিষয় দায়েরকৃত মামলা	\r\n','মাহবুব আলম গং	','বিসিআইসি','ব্যারিস্টার তোফায়েলুর রহমান\r\n০১৮১৯২৫৩১৫৮','0000-00-00','0000-00-00','','0000-00-00','আইনজীবী নিয়োগ, ওকালতনামা ও Parawise Comments প্রদান','','','','রিট পিটিশন নং-১৭৮২/২০০৯'),(60,'বিসিআইসি','উচ্চ আদালত','হাইকোর্ট বিভাগ','রিট পিটিশন',' ৫২৯১','২০০৯','0000-00-00','  ৫৭ বছর বয়স পূর্তিতে চাকরি হতে অবসর প্রদানের বিষয় দায়েরকৃত মামলা			\r\n','এ কে এম আব্দুল আওয়াল','বিসিআইসি','ব্যারিস্টার তোফায়েলুর রহমান\r\n০১৮১৯২৫৩১৫৮','0000-00-00','0000-00-00','','0000-00-00','আইনজীবী নিয়োগ, ওকালতনামা ও Parawise Comments প্রদান','','','','রিট পিটিশন নং- ৫২৯১/২০০৯'),(61,'বিসিআইসি','উচ্চ আদালত','হাইকোর্ট বিভাগ','রিট পিটিশন','৫৪৫০','২০০৯','0000-00-00','৫৭ বছর বয়স পূর্তিতে চাকরি হতে অবসর প্রদানের বিষয় দায়েরকৃত মামলা			\r\n','সৈয়দ আহমেদ গং','বিসিআইসি','ব্যারিস্টার তোফায়েলুর রহমান\r\n০১৮১৯২৫৩১৫৮','0000-00-00','0000-00-00','','0000-00-00','আইনজীবী নিয়োগ, ওকালতনামা ও Parawise Comments প্রদান','','','','রিট পিটিশন নং-৫৪৫০/২০০৯'),(62,'বিসিআইসি','উচ্চ আদালত','হাইকোর্ট বিভাগ','রিট পিটিশন','  ৬৪০৯','২০০৯','0000-00-00','৫৭ বছর বয়স পূর্তিতে চাকরি হতে অবসর প্রদানের বিষয় দায়েরকৃত মামলা			\r\n','মোঃ ফয়জুল হক গং		','বিসিআইসি','ব্যারিস্টার তোফায়েলুর রহমান\r\n০১৮১৯২৫৩১৫৮','0000-00-00','0000-00-00','','0000-00-00','আইনজীবী নিয়োগ, ওকালতনামা ও Parawise Comments প্রদান','','','','রিট পিটিশন নং-  ৬৪০৯/২০০৯'),(63,'বিসিআইসি','উচ্চ আদালত','হাইকোর্ট বিভাগ','রিট পিটিশন',' ৩০৫৪','২০০৯','0000-00-00','৫৭ বছর বয়স পূর্তিতে চাকরি হতে অবসর প্রদানের বিষয় দায়েরকৃত মামলা			','মোঃ ছিদ্দিক উল্লাহ গং','বিসিআইসি','ব্যারিস্টার তোফায়েলুর রহমান\r\n০১৮১৯২৫৩১৫৮','0000-00-00','0000-00-00','','0000-00-00','আইনজীবী নিয়োগ, ওকালতনামা ও Parawise Comments প্রদান\r\n','','','','রিট পিটিশন নং- ৩০৫৪/২০০৯'),(64,'বিসিআইসি','উচ্চ আদালত','হাইকোর্ট বিভাগ','রিট পিটিশন',' ৩০৫৯','২০০৯','0000-00-00','৫৭ বছর বয়স পূর্তিতে চাকরি হতে অবসর প্রদানের বিষয় দায়েরকৃত মামলা			\r\n','মোঃ আবুল হোসেন','বিসিআইসি','ব্যারিস্টার তোফায়েলুর রহমান\r\n০১৮১৯২৫৩১৫৮','0000-00-00','0000-00-00','','0000-00-00','আইনজীবী নিয়োগ, ওকালতনামা ও Parawise Comments প্রদান','','','','রিট পিটিশন নং- ৩০৫৯/২০০৯'),(65,'বিসিআইসি','উচ্চ আদালত','হাইকোর্ট বিভাগ','রিট পিটিশন',' ৩০৫৫','২০০৯','0000-00-00','৫৭ বছর বয়স পূর্তিতে চাকরি হতে অবসর প্রদানের বিষয় দায়েরকৃত মামলা			\r\n',' মোঃ ছিদ্দিক উল্লাহ গং','বিসিআইসি','ব্যারিস্টার তোফায়েলুর রহমান\r\n০১৮১৯২৫৩১৫৮','0000-00-00','0000-00-00','','0000-00-00','আইনজীবী নিয়োগ, ওকালতনামা ও Parawise Comments প্রদান','','','','রিট পিটিশন নং- ৩০৫৫/২০০৯'),(66,'বিসিআইসি','উচ্চ আদালত','হাইকোর্ট বিভাগ','রিট পিটিশন',' ৩৮৮','২০০৯','0000-00-00','৫৭ বছর বয়স পূর্তিতে চাকরি হতে অবসর প্রদানের বিষয় দায়েরকৃত মামলা		','আব্দুল মান্নান গং	','বিসিআইসি','ব্যারিস্টার তোফায়েলুর রহমান\r\n০১৮১৯২৫৩১৫৮	','0000-00-00','0000-00-00','','0000-00-00','আইনজীবী নিয়োগ, ওকালতনামা ও Parawise Comments প্রদান\r\n','','','','রিট পিটিশন নং- ৩৮৮/২০০৯'),(67,'বিসিআইসি','উচ্চ আদালত','হাইকোর্ট বিভাগ','রিট পিটিশন',' ৩০৫৪','','0000-00-00','৫৭ বছর বয়স পূর্তিতে চাকরি হতে অবসর প্রদানের বিষয় দায়েরকৃত মামলা		\r\n','আব্দুল মালেক	','বিসিআইসি','ব্যারিস্টার তোফায়েলুর রহমান\r\n০১৮১৯২৫৩১৫৮	','0000-00-00','0000-00-00','','0000-00-00','আইনজীবী নিয়োগ, ওকালতনামা ও Parawise Comments প্রদান','','','','রিট পিটিশন নং- ৩০৫৪/'),(68,'বিসিআইসি','উচ্চ আদালত','হাইকোর্ট বিভাগ','রিট পিটিশন','৩৯০','২০০৯','0000-00-00','৫৭ বছর বয়স পূর্তিতে চাকরি হতে অবসর প্রদানের বিষয় দায়েরকৃত মামলা		','আব্দুল মান্নান গং	','বিসিআইসি','ব্যারিস্টার তোফায়েলুর রহমান\r\n০১৮১৯২৫৩১৫৮	','0000-00-00','0000-00-00','','0000-00-00','আইনজীবী নিয়োগ, ওকালতনামা ও Parawise Comments প্রদান\r\n','','','','রিট পিটিশন নং-৩৯০/২০০৯'),(69,'বিসিআইসি','উচ্চ আদালত','হাইকোর্ট বিভাগ','রিট পিটিশন',' ৮৫৮০','২০০৯','0000-00-00','৫৭ বছর বয়স পূর্তিতে চাকরি হতে অবসর প্রদানের বিষয় দায়েরকৃত মামলা			\r\n','	ইমাম হোসেন	','বিসিআইসি','ব্যারিস্টার তোফায়েলুর রহমান\r\n০১৮১৯২৫৩১৫৮','0000-00-00','0000-00-00','','0000-00-00','আইনজীবী নিয়োগ, ওকালতনামা ও Parawise Comments প্রদান','','','','রিট পিটিশন নং- ৮৫৮০/২০০৯'),(70,'বিসিআইসি','উচ্চ আদালত','হাইকোর্ট বিভাগ','রিট পিটিশন',' ৭৯৩০','২০০৯','0000-00-00','৫৭ বছর বয়স পূর্তিতে চাকরি হতে অবসর প্রদানের বিষয় দায়েরকৃত মামলা			\r\n','মোঃ শফিউল্লাহ','বিসিআইসি','ব্যারিস্টার তোফায়েলুর রহমান\r\n০১৮১৯২৫৩১৫৮','0000-00-00','0000-00-00','','0000-00-00','আইনজীবী নিয়োগ, ওকালতনামা ও Parawise Comments প্রদান','','','','রিট পিটিশন নং- ৭৯৩০/২০০৯'),(71,'বিসিআইসি','উচ্চ আদালত','হাইকোর্ট বিভাগ','রিট পিটিশন','০৮','২০১০','0000-00-00','ছাতক সিমেন্টর শ্রমিক এর বরখাস্তাদেশের বিরুদ্ধে সংক্ষুব্ধ হয়ে মামলা			',' আবু  মোঃ মেলিম','বিসিআইসি','এ্যাডঃ খোরশেদ আলম','0000-00-00','0000-00-00','','0000-00-00','আইনজীবী নিয়োগ, ওকালতনামা ও Parawise Comments প্রদান','','','','রিট পিটিশন নং-০৮/২০১০'),(72,'বিসিআইসি','উচ্চ আদালত','হাইকোর্ট বিভাগ','রিট পিটিশন',' ২৯০৮','২০১০','0000-00-00','ছাতক সিমেন্টর শ্রমিক এর বরখাস্তাদেশের বিরুদ্ধে সংক্ষুব্ধ হয়ে মামলা	','এনামুল হক','বিসিআইসি','এ্যাডঃ খোরশেদ আলম	','0000-00-00','0000-00-00','','0000-00-00','আইনজীবী নিয়োগ, ওকালতনামা ও Parawise Comments প্রদান','','','','রিট পিটিশন নং- ২৯০৮/২০১০'),(73,'বিসিআইসি','উচ্চ আদালত','হাইকোর্ট বিভাগ','রিট পিটিশন',' ২৯১১','২০১০','0000-00-00','ছাতক সিমেন্টর শ্রমিক এর বরখাস্তাদেশের বিরুদ্ধে সংক্ষুব্ধ হয়ে মামলা			','মোঃ হুমায়ুন কবির','বিসিআইসি','এ্যাডঃ খোরশেদ আলম','0000-00-00','0000-00-00','','0000-00-00','আইনজীবী নিয়োগ, ওকালতনামা ও Parawise Comments প্রদান','','','','রিট পিটিশন নং- ২৯১১/২০১০'),(74,'বিসিআইসি','উচ্চ আদালত','হাইকোর্ট বিভাগ','রিট পিটিশন',' ৯২৫১','২০১০','0000-00-00','৫৭ বছর বয়স পূর্তিতে চাকরি হতে অবসর প্রদানের বিষয় দায়েরকৃত মামলা			\r\n','নুরুল হক','বিসিআইসি','ব্যারিস্টার তোফায়েলুর রহমান\r\n০১৮১৯২৫৩১৫৮','0000-00-00','0000-00-00','','0000-00-00','আইনজীবী নিয়োগ, ওকালতনামা ও Parawise Comments প্রদান','','','','রিট পিটিশন নং- ৯২৫১/২০১০'),(75,'বিসিআইসি','উচ্চ আদালত','হাইকোর্ট বিভাগ','রিট পিটিশন',' ১৩৩৯','২০১০','0000-00-00','দাখিলকৃত সনদপত্র অনুযায়ী অবসর প্রদান না করায় সংক্ষুব্ধ হয়ে অত্র রিট দায়ের করেন			','মোঃ ইদ্রিস মিয়া','বিসিআইসি','ব্যারিস্টার এম, এ, সামাদ\r\n০১৭১৫৯২৩২৫০','0000-00-00','0000-00-00','','0000-00-00','আইনজীবী নিয়োগ, ওকালতনামা ও Parawise Comments প্রদান\r\n','','','','রিট পিটিশন নং- ১৩৩৯/২০১০'),(76,'বিসিআইসি','উচ্চ আদালত','হাইকোর্ট বিভাগ','রিট পিটিশন',' ১৩৪০','২০১০','0000-00-00','দাখিলকৃত সনদপত্র অনুযায়ী অবসর প্রদান না করায় সংক্ষুব্ধ হয়ে অত্র রিট দায়ের করেন		\r\n','মোঃ মোস্তফা','বিসিআইসি','ব্যারিস্টার এম, এ, সামাদ\r\n০১৭১৫৯২৩২৫০','0000-00-00','0000-00-00','','0000-00-00','আইনজীবী নিয়োগ, ওকালতনামা ও Parawise Comments প্রদান','','','','রিট পিটিশন নং- ১৩৪০/২০১০'),(77,'বিসিআইসি','উচ্চ আদালত','হাইকোর্ট বিভাগ','আরবিট্রেশন এপ্লিকেশন','০২','২০১০','0000-00-00','নিরাপত্তা জামানত বাবদ ১৮৪,৩৭৫ মার্কিন ডলার বাজেয়াপ্ত করায় মামলার উদ্ভব।		','টেড্র মেট্রিকস্ লি. ','বিসিআইসি','আশরাফ উদ্দিন এন্ড এসোসিয়েটস্ ০১৭১৩৪৫২৫১৯','0000-00-00','0000-00-00','','0000-00-00','আইনজীবী নিয়োগ, ওকালতনামা ও Parawise Comments প্রদান','','','','আরবিট্রেশন এপ্লিকেশন নং-০২/২০১০'),(78,'বিসিআইসি','উচ্চ আদালত','হাইকোর্ট বিভাগ','আরবিট্রেশন এপ্লিকেশন','০৩','২০১০','0000-00-00','নিরাপত্তা জামানত বাবদ ১৯০,৬৬৫ মার্কিন ডলার বাজেয়াপ্ত করায় মামলার উদ্ভব		','টেড্র মেট্রিকস্ লি. 	','বিসিআইসি','আশরাফ উদ্দিন এন্ড এসোসিয়েটস্ ০১৭১৩৪৫২৫১৯','0000-00-00','0000-00-00','','0000-00-00','আইনজীবী নিয়োগ, ওকালতনামা ও Parawise Comments প্রদান','','','','আরবিট্রেশন এপ্লিকেশন নং-০৩/২০১০'),(79,'বিসিআইসি','উচ্চ আদালত','হাইকোর্ট বিভাগ','আরবিট্রেশন এপ্লিকেশন','০৪','২০১০','0000-00-00','নিরাপত্তা জামানত বাবদ ১৮৬,২৫০ মার্কিন ডলার বাজেয়াপ্ত করায় মামলার উদ্ভব		','টেড্র মেট্রিকস্ লি','বিসিআইসি','আশরাফ উদ্দিন এন্ড এসোসিয়েটস্ ০১৭১৩৪৫২৫১৯','0000-00-00','0000-00-00','','0000-00-00','আইনজীবী নিয়োগ, ওকালতনামা ও Parawise Comments প্রদান','','','','আরবিট্রেশন এপ্লিকেশন নং-০৪/২০১০'),(80,'বিসিআইসি','উচ্চ আদালত','হাইকোর্ট বিভাগ','আরবিট্রেশন এপ্লিকেশন','০৫','২০১০','0000-00-00','নিরাপত্তা জামানতবাবদ ১৯২,৫০০ মার্কিন ডলার বাজেয়াপ্ত করায় মামলার উদ্ভব\r\n','টেড্র মেট্রিকস্ লি.','বিসিআইসি','আশরাফ উদ্দিন এন্ড এসোসিয়েটস্ ০১৭১৩৪৫২৫১৯','0000-00-00','0000-00-00','','0000-00-00','আইনজীবী নিয়োগ, ওকালতনামা ও Parawise Comments প্রদান','','','','আরবিট্রেশন এপ্লিকেশন নং-০৫/২০১০'),(81,'বিসিআইসি','উচ্চ আদালত','হাইকোর্ট বিভাগ','আরবিট্রেশন এপ্লিকেশন','১৩','২০১০','0000-00-00','নিরাপত্তা জামানত বাবদ ৭০৪,৬০০ মার্কিন ডলার বাজেয়াপ্ত করায় মামলার উদ্ভব		\r\n','এম, রেজাউল করিম গং','বিসিআইসি	','আব্দুন নূর\r\n০১৭১২২৮৯৯৮৪','0000-00-00','0000-00-00','','0000-00-00','আইনজীবী নিয়োগ, ওকালতনামা ও Parawise Comments প্রদান','','','','আরবিট্রেশন এপ্লিকেশন নং-১৩/২০১০'),(82,'বিসিআইসি','উচ্চ আদালত','হাইকোর্ট বিভাগ','রিট পিটিশন','৭৯৬০','২০১০','0000-00-00','৫৭ বছর বয়স পূর্তিতে চাকরি হতে অবসর প্রদানের বিষয় দায়েরকৃত মামলা','মাহবুবুর রহমান	','বিসিআইসি	','ব্যারিস্টার তোফায়েলুর রহমান\r\n০১৮১৯২৫৩১৫৮','0000-00-00','0000-00-00','','0000-00-00','আইনজীবী নিয়োগ, ওকালতনামা ও Parawise Comments প্রদান\r\n','','','','রিট পিটিশন নং-৭৯৬০/২০১০'),(83,'বিসিআইসি','উচ্চ আদালত','হাইকোর্ট বিভাগ','রিট পিটিশন','৯৫৪১','২০১০','0000-00-00','৫৭ বছর বয়স পূর্তিতে চাকরি হতে অবসর প্রদানের বিষয় দায়েরকৃত মামলা		','আব্দুল হান্নান','বিসিআইসি	','ব্যারিস্টার তোফায়েলুর রহমান\r\n০১৮১৯২৫৩১৫৮','0000-00-00','0000-00-00','','0000-00-00','আইনজীবী নিয়োগ, ওকালতনামা ও Parawise Comments প্রদান\r\n','','','','রিট পিটিশন নং-৯৫৪১/২০১০'),(84,'বিসিআইসি','উচ্চ আদালত','হাইকোর্ট বিভাগ','রিট পিটিশন','৯৪৫৫','২০১০','0000-00-00','৫৭ বছর বয়স পূর্তিতে চাকরি হতে অবসর প্রদানের বিষয় দায়েরকৃত মামলা		\r\n','মোঃ  হোসেন তালুকদার','বিসিআইসি','ব্যারিস্টার তোফায়েলুর রহমান\r\n০১৮১৯২৫৩১৫৮','0000-00-00','0000-00-00','','0000-00-00','আইনজীবী নিয়োগ, ওকালতনামা ও Parawise Comments প্রদান','','','','রিট পিটিশন নং-৯৪৫৫/২০১০'),(85,'বিসিআইসি','উচ্চ আদালত','হাইকোর্ট বিভাগ','রিট পিটিশন','৫৭৮৭','২০১০','0000-00-00','৫৭ বছর বয়স পূর্তিতে চাকরি হতে অবসর প্রদানের বিষয় দায়েরকৃত মামলা		','আবুল খায়ের','বিসিআইসি','আশরাফ উদ্দিন এন্ড এসোসিয়েটস','0000-00-00','0000-00-00','','0000-00-00','আইনজীবী নিয়োগ, ওকালতনামা ও Parawise Comments প্রদান','','','','রিট পিটিশন নং-৫৭৮৭/২০১০'),(86,'বিসিআইসি','উচ্চ আদালত','হাইকোর্ট বিভাগ','এডমিলারিটি স্যুট',' ৫৪','২০১০','0000-00-00','এমভি ওশান পার্ল জাহাজের মালিক ৬,৪৭,৩০০ মার্কিন ডলার  ক্ষতিপূরণ দাবী করে বাল্ক ট্রেডের বিরুদ্ধে মামলা।  	\r\n','মার্চেন্ট হাউজ ইনকর্পোরেশন এর পক্ষে সিগমা শিপিং লাইন্স','বিসিআইসি','আব্দুন নূর\r\n০১৭১২২৮৯৯৮৪','0000-00-00','0000-00-00','','0000-00-00','আইনজীবী নিয়োগ, ওকালতনামা ও Parawise Comments প্রদান','','','','এডমিলারিটি স্যুট নং- ৫৪/২০১০'),(87,'বিসিআইসি','উচ্চ আদালত','হাইকোর্ট বিভাগ','এডমিলারিটি স্যুট','৫৯','২০১০','0000-00-00','দেশ ট্রেডিং কর্পোরেশন ৯,৩৮,৬৯,৫৯৬.৭০ টাকা দাবী করে এমভি ওশান পার্ল এর বিরুদ্ধে মামলা। \r\n','দেশ ট্রেডিং কর্পোরেশন','বিসিআইসি','আব্দুন নূর\r\n০১৭১২২৮৯৯৮৪','0000-00-00','0000-00-00','','0000-00-00','আইনজীবী নিয়োগ, ওকালতনামা ও Parawise Comments প্রদান','','','','এডমিলারিটি স্যুট নং-৫৯/২০১০'),(88,'বিসিআইসি','উচ্চ আদালত','হাইকোর্ট বিভাগ','রিট পিটিশন','৩৭৩৫','২০১০','0000-00-00','সংস্থা ক্রয় বিভাগের  কার্যাদেশ মোতাবেক মেসার্স গ্যালাক্সি ট্রেড ইন্টারন্যাশনাল যথাসময়ে রক ফসফেট সরবরাহ করতে না পারায় তাদের দাখিলকৃত ব্যাংক গ্যারান্টি বাজেয়াপ্ত করা হলে রিট পিটিশন দায়ের করে।	','মোহাম্মদ মহিউদ্দিন প্রোঃ মেসার্স গ্যালাক্সি ট্রেড ইন্টারন্যাশনাল','বিসিআইসি	','আব্দুন নূর\r\n০১৭১২২৮৯৯৮৪	','0000-00-00','0000-00-00','','0000-00-00','আইনজীবী নিয়োগ, ওকালতনামা ও Parawise Comments প্রদান','','','','রিট পিটিশন নং-৩৭৩৫/২০১০'),(89,'বিসিআইসি','উচ্চ আদালত','হাইকোর্ট বিভাগ','এডমিলারিটি স্যুট','৫৯','২০১০','0000-00-00','আমদানীকৃত ইফরিয়া সার পরিবহনের জাহাজ ভাড়া সংক্রান্ত সৃষ্ট জটিলতা হতে বাদী সংস্থাকে  বিাবাদীভুক্ত করে মামলাটি দায়ের করে।	    	','দেশ ট্রেডিং','ওসান পার্ল ও বিসিআইসি ','দি লিগ্যাল  স্যাংচুয়ারি\r\n০১৭১১৮৯৬১৩৫','0000-00-00','0000-00-00','','0000-00-00','আইনজীবী নিয়োগ, ওকালতনামা ও Parawise Comments প্রদান','','','','এডমিলারিটি স্যুট নং-৫৯/২০১০'),(90,'বিসিআইসি','উচ্চ আদালত','আপিল বিভাগ','সিভিল রিভিউ পিটিশন','২৯২৭','২০১০','0000-00-00','সার আমদানী সংক্রান্তে ব্যাংক গ্যারান্টি ৩০ লক্ষ টাকা বাজেয়াপ্ত করায় মামলা 		\r\n','মাহফুজা রশিদ','বিসিআইসি	','লিগ্যাল রেমিডি\r\n০১৭১১৩৩৩২২০০','0000-00-00','0000-00-00','','0000-00-00','আইনজীবী নিয়োগ, ওকালতনামা ও Parawise Comments প্রদান','','','','সিভিল রিভিউ পিটিশন নং-২৯২৭/২০১০'),(91,'বিসিআইসি','উচ্চ আদালত','আপিল বিভাগ','সিপিএলএ','২৯২৬','২০১০','0000-00-00','সার আমদানী সংক্রান্তে ব্যাংক গ্যারান্টি ৬০ লক্ষ টাকা বাজেয়াপ্ত করায় মামলা	','মাহফুজা রশিদ','বিসিআইসি','লিগ্যাল রেমিডি\r\n০১৭১১৩৩৩২২০০	','0000-00-00','0000-00-00','','0000-00-00','আইনজীবী নিয়োগ, ওকালতনামা ও Parawise Comments প্রদান\r\n','','','','সিপিএলএ নং-২৯২৬/২০১০'),(92,'বিসিআইসি','উচ্চ আদালত','হাইকোর্ট বিভাগ','এডমিলারিটি স্যুট','৫৯','২০১১','0000-00-00','আমদানীকৃত ইউরিয়া সারের জাহাজ ভাড়া সংক্রান্ত বিষয়ে জটিলতা সৃষ্ঠি হওয়ায় বাদী সংস্থাকে বিবাদীভূক্ত করে মামলাটি দায়ের করেছেন।		','এম ভি থর নেক্সাস','বিসিআইসি','আব্দুন নূর\r\n০১৭১২২৮৯৯৮৪','0000-00-00','0000-00-00','','0000-00-00','আইনজীবী নিয়োগ, ওকালতনামা ও Parawise Comments প্রদান','','','','এডমিলারিটি স্যুট নং-৫৯/২০১১'),(93,'বিসিআইসি','উচ্চ আদালত','হাইকোর্ট বিভাগ','রিট পিটিশন',' ২৯০৯','২০১১','0000-00-00','পারফরমেন্স গ্যারান্টি নগদায়ন করা হলে বাদী সংক্ষুব্ধ হয়ে উক্ত মামলাটি দায়ের করে।		','মেসার্স তাসমিয়া ট্রেডিং','বিসিআইসি	','আব্দুন নূর\r\n০১৭১২২৮৯৯৮৪','0000-00-00','0000-00-00','','0000-00-00','আইনজীবী নিয়োগ, ওকালতনামা ও Parawise Comments প্রদান\r\n','','','','রিট পিটিশন নং- ২৯০৯/২০১১'),(94,'বিসিআইসি','উচ্চ আদালত','হাইকোর্ট বিভাগ','রিট পিটিশন',' ৫১২৪','২০১১','0000-00-00','৫৭ বছর বয়স পূর্তিতে চাকরি হতে অবসর প্রদানের বিষয় দায়েরকৃত মামলা		','গোপাল চন্দ্র মালি','বিসিআইসি','ব্যারিস্টার তোফায়েলুর রহমান\r\n০১৮১৯২৫৩১৫৮','0000-00-00','0000-00-00','','0000-00-00','আইনজীবী নিয়োগ, ওকালতনামা ও Parawise Comments প্রদান\r\n','','','','রিট পিটিশন নং- ৫১২৪/২০১১'),(95,'বিসিআইসি','উচ্চ আদালত','হাইকোর্ট বিভাগ','রিট পিটিশন',' ৮২৮৩','২০১১','0000-00-00','৫৭ বছর বয়স পূর্তিতে চাকরি হতে অবসর প্রদানের বিষয় দায়েরকৃত মামলা		\r\n','এ এফ এম মওদুদুর রহমান','বিসিআইসি','ব্যারিস্টার তোফায়েলুর রহমান\r\n০১৮১৯২৫৩১৫৮','0000-00-00','0000-00-00','','0000-00-00','আইনজীবী নিয়োগ, ওকালতনামা ও Parawise Comments প্রদান','','','','রিট পিটিশন নং- ৮২৮৩/২০১১'),(96,'বিসিআইসি','উচ্চ আদালত','হাইকোর্ট বিভাগ','রিট পিটিশন','৪৪','২০১১','0000-00-00','৫৭ বছর বয়স পূর্তিতে চাকরি হতে অবসর প্রদানের বিষয় দায়েরকৃত মামলা	','শফিকুল ইসলাম		','বিসিআইসি','ব্যারিস্টার তোফায়েলুর রহমান\r\n০১৮১৯২৫৩১৫৮	','0000-00-00','0000-00-00','','0000-00-00','আইনজীবী নিয়োগ, ওকালতনামা ও Parawise Comments প্রদান\r\n','','','','রিট পিটিশন নং-৪৪/২০১১'),(97,'বিসিআইসি','উচ্চ আদালত','হাইকোর্ট বিভাগ','রিট পিটিশন','৩৯১৩','২০১১','0000-00-00','৫৭ বছর বয়স পূর্তিতে চাকরি হতে অবসর প্রদানের বিষয় দায়েরকৃত মামলা	','শুবল মালি	','বিসিআইসি','ব্যারিস্টার তোফায়েলুর রহমান\r\n০১৮১৯২৫৩১৫৮	','0000-00-00','0000-00-00','','0000-00-00','আইনজীবী নিয়োগ, ওকালতনামা ও Parawise Comments প্রদান\r\n','','','','রিট পিটিশন নং-৩৯১৩/২০১১'),(98,'বিসিআইসি','উচ্চ আদালত','হাইকোর্ট বিভাগ','রিট পিটিশন',' ৮০','২০১১','0000-00-00','৫৭ বছর বয়স পূর্তিতে চাকরি হতে অবসর প্রদানের বিষয় দায়েরকৃত মামলা	','শাহ আলম','বিসিআইসি','এ এফ কবীর এন্ড এসোসিয়েটস\r\n০১৮১৭০৫১৩৬৪	','0000-00-00','0000-00-00','','0000-00-00','আইনজীবী নিয়োগ, ওকালতনামা ও Parawise Comments প্রদান\r\n','','','','রিট পিটিশন নং- ৮০/২০১১'),(99,'বিসিআইসি','উচ্চ আদালত','হাইকোর্ট বিভাগ','রিট পিটিশন','৭৪৬৬/','২০১১','0000-00-00','৫৭ বছর বয়স পূর্তিতে চাকরি হতে অবসর প্রদানের বিষয় দায়েরকৃত মামলা	','মোঃ রফিকুল উসলাম ভূইয়া','বিসিআইসি','বি আহমেদ এন্ড কোং, এডভোকেটস\r\n০১৭১১১১৮০৭৮	','0000-00-00','0000-00-00','','0000-00-00','আইনজীবী নিয়োগ, ওকালতনামা ও Parawise Comments প্রদান\r\n','','','','রিট পিটিশন নং-৭৪৬৬//২০১১'),(100,'বিসিআইসি','উচ্চ আদালত','হাইকোর্ট বিভাগ','রিট পিটিশন','৯৩২৫','২০১১','0000-00-00','৫৭ বছর বয়স পূর্তিতে চাকরি হতে অবসর প্রদানের বিষয় দায়েরকৃত মামলা		','জাহাঙ্গীর ভূইয়া','বিসিআইসি	','ব্যারিস্টার তোফায়েলুর রহমান\r\n০১৮১৯২৫৩১৫৮','0000-00-00','0000-00-00','','0000-00-00','আইনজীবী নিয়োগ, ওকালতনামা ও Parawise Comments প্রদান\r\n','','','','রিট পিটিশন নং-৯৩২৫/২০১১'),(101,'বিসিআইসি','উচ্চ আদালত','হাইকোর্ট বিভাগ','রিট পিটিশন','৯৮৫৪','২০১১','0000-00-00','৫৭ বছর বয়স পূর্তিতে চাকরি হতে অবসর প্রদানের বিষয় দায়েরকৃত মামলা		\r\n','মোঃ আব্দুল ওয়াদুদ','বিসিআইসি','এ্যাডঃ আব্দুন নূর\r\n০১৭১২২৮৯৯৮৪','0000-00-00','0000-00-00','','0000-00-00','আইনজীবী নিয়োগ, ওকালতনামা ও Parawise Comments প্রদান','','','','রিট পিটিশন নং-৯৮৫৪/২০১১'),(102,'বিসিআইসি','উচ্চ আদালত','হাইকোর্ট বিভাগ','রিট পিটিশন','১০০৪৪','২০১১','0000-00-00','৫৭ বছর বয়স পূর্তিতে চাকরি হতে অবসর প্রদানের বিষয় দায়েরকৃত মামলা		','মোঃ নুরুর রহমান সিদ্দিক','বিসিআইসি','বি আহম্মেদ এন্ড কোংএডভোকেটস- ০১৭১১১১৮০৭৮','0000-00-00','0000-00-00','','0000-00-00','আইনজীবী নিয়োগ, ওকালতনামা ও Parawise Comments প্রদান\r\n','','','','রিট পিটিশন নং-১০০৪৪/২০১১'),(103,'বিসিআইসি','উচ্চ আদালত','হাইকোর্ট বিভাগ','রিট পিটিশন','৮২৮২','','0000-00-00','৫৭ বছর বয়স পূর্তিতে চাকরি হতে অবসর প্রদানের বিষয় দায়েরকৃত মামলা		\r\n','মোঃ আব্দুর রহমান','বিসিআইসি','বি আহম্মেদ এন্ড কোং এডভোকেটস\r\n০১৭১১১১৮০৭৮','0000-00-00','0000-00-00','','0000-00-00','আইনজীবী নিয়োগ, ওকালতনামা ও Parawise Comments প্রদান','','','','রিট পিটিশন নং-৮২৮২/'),(104,'বিসিআইসি','উচ্চ আদালত','হাইকোর্ট বিভাগ','রিট পিটিশন',' ৮০১৭','২০১১','0000-00-00','৫৭ বছর বয়স পূর্তিতে চাকরি হতে অবসর প্রদানের বিষয় দায়েরকৃত মামলা	','মোঃ ইকবাল','বিসিআইসি','লিগ্যাল রেমিডি\r\n০১৭১১৩৩৩২২০০	','0000-00-00','0000-00-00','','0000-00-00','আইনজীবী নিয়োগ, ওকালতনামা ও Parawise Comments প্রদান\r\n','','','','রিট পিটিশন নং- ৮০১৭/২০১১'),(105,'বিসিআইসি','উচ্চ আদালত','হাইকোর্ট বিভাগ','রিট পিটিশন','১০২৯','২০১১','0000-00-00','সার ডিলারশীপ সংক্রান্ত	','হাজি ফয়েজ আহমেদ','সচিব, কৃষি মন্ত্রণালয় ও অন্যান্য','ব্যারিস্টার তোফায়েলুর রহমান\r\n০১৮১৯২৫৩১৫৮	','0000-00-00','0000-00-00','','0000-00-00','আইনজীবী নিয়োগ, ওকালতনামা ও Parawise Comments প্রদান\r\n','','','','রিট পিটিশন নং-১০২৯/২০১১'),(106,'বিসিআইসি','উচ্চ আদালত','হাইকোর্ট বিভাগ','রিট পিটিশন',' ৬৬১৯','২০১১','0000-00-00','সার ডিলারশীপ সংক্রান্ত	','মেসার্স ফয়সাল ট্রেডার্স','সচিব, কৃষি মন্ত্রণালয় ও অন্যান্য','ব্যারিস্টার তোফায়েলুর রহমান\r\n০১৮১৯২৫৩১৫৮	','0000-00-00','0000-00-00','','0000-00-00','আইনজীবী নিয়োগ, ওকালতনামা ও Parawise Comments প্রদান\r\n','','','','রিট পিটিশন নং- ৬৬১৯/২০১১'),(107,'বিসিআইসি','উচ্চ আদালত','হাইকোর্ট বিভাগ','রিট পিটিশন','৬৭৮৩','২০১১','0000-00-00','সার ডিলারশীপ সংক্রান্ত	','হুমিয়ূন কবির','সচিব, কৃষি মন্ত্রণালয় ও অন্যান্য','ব্যারিস্টার তোফায়েলুর রহমান\r\n০১৮১৯২৫৩১৫৮\r\n','0000-00-00','0000-00-00','','0000-00-00','আইনজীবী নিয়োগ, ওকালতনামা ও Parawise Comments প্রদান','','','','রিট পিটিশন নং-৬৭৮৩/২০১১'),(108,'বিসিআইসি','উচ্চ আদালত','হাইকোর্ট বিভাগ','রিট পিটিশন',' ১৩৮৫','২০০৮','0000-00-00','সার ডিলারশীপ সংক্রান্ত	','মেসার্স জুলমানান ট্রেডার্স','সচিব, কৃষি মন্ত্রণালয় ও অন্যান্য','ব্যারিস্টার তোফায়েলুর রহমান\r\n০১৮১৯২৫৩১৫৮	\r\n','0000-00-00','0000-00-00','','0000-00-00','আইনজীবী নিয়োগ, ওকালতনামা ও Parawise Comments প্রদান','','','','রিট পিটিশন নং- ১৩৮৫/২০০৮'),(109,'বিসিআইসি','উচ্চ আদালত','হাইকোর্ট বিভাগ','রিট পিটিশন','৭৩৯৮','২০১১	','0000-00-00','সার ডিলারশীপ সংক্রান্ত	','সিরাজুল ইসলাম','সচিব, কৃষি মন্ত্রণালয় ও অন্যান্য','ব্যারিস্টার তোফায়েলুর রহমান\r\n০১৮১৯২৫৩১৫৮	','0000-00-00','0000-00-00','','0000-00-00','আইনজীবী নিয়োগ, ওকালতনামা ও Parawise Comments প্রদান\r\n','','','','রিট পিটিশন নং-৭৩৯৮/২০১১	'),(110,'বিসিআইসি','উচ্চ আদালত','হাইকোর্ট বিভাগ','রিট পিটিশন','  ৯৩২৫','২০১১','0000-00-00','সার ডিলারশীপ সংক্রান্ত	','জাহাঙ্গীর ভূইয়া','সচিব, কৃষি মন্ত্রণালয় ও অন্যান্য','ব্যারিস্টার তোফায়েলুর রহমান\r\n০১৮১৯২৫৩১৫৮	','0000-00-00','0000-00-00','','0000-00-00','আইনজীবী নিয়োগ, ওকালতনামা ও Parawise Comments প্রদান\r\n','','','','রিট পিটিশন নং-  ৯৩২৫/২০১১');
/*!40000 ALTER TABLE `legal_tbl` ENABLE KEYS */;
UNLOCK TABLES;
COMMIT;

-- Dumped table `legal_tbl` with 110 row(s)
--

--
-- Table structure for table `tblusers`
--

/*!40101 SET @saved_cs_client     = @@character_set_client */;
/*!40101 SET character_set_client = utf8 */;
CREATE TABLE `tblusers` (
  `id` int(11) NOT NULL,
  `FullName` varchar(120) DEFAULT NULL,
  `Username` varchar(120) DEFAULT NULL,
  `UserEmail` varchar(200) DEFAULT NULL,
  `Password` varchar(250) DEFAULT NULL,
  `RegDate` varchar(50) DEFAULT NULL
) ENGINE=InnoDB DEFAULT CHARSET=latin1;
/*!40101 SET character_set_client = @saved_cs_client */;

--
-- Dumping data for table `tblusers`
--

LOCK TABLES `tblusers` WRITE;
/*!40000 ALTER TABLE `tblusers` DISABLE KEYS */;
SET autocommit=0;
INSERT INTO `tblusers` VALUES (2,'abdul','admin','bootstrapfriendly@gmail.com','202cb962ac59075b964b07152d234b70','2020-10-23 16:03:33'),(6,'ramesh','ramesh','ramesh@gmail.com','827ccb0eea8a706c4c34a16891f84e7b',NULL),(7,'ramesh','ramesh2','ramesh@gmail2.com','827ccb0eea8a706c4c34a16891f84e7b',NULL),(0,'user','user','emrantareq09@gmail.com','202cb962ac59075b964b07152d234b70',NULL);
/*!40000 ALTER TABLE `tblusers` ENABLE KEYS */;
UNLOCK TABLES;
COMMIT;

-- Dumped table `tblusers` with 4 row(s)
--

/*!40103 SET TIME_ZONE=@OLD_TIME_ZONE */;
/*!40101 SET AUTOCOMMIT=@OLD_AUTOCOMMIT */;
/*!40101 SET SQL_MODE=@OLD_SQL_MODE */;
/*!40014 SET FOREIGN_KEY_CHECKS=@OLD_FOREIGN_KEY_CHECKS */;
/*!40014 SET UNIQUE_CHECKS=@OLD_UNIQUE_CHECKS */;
/*!40101 SET CHARACTER_SET_CLIENT=@OLD_CHARACTER_SET_CLIENT */;
/*!40101 SET CHARACTER_SET_RESULTS=@OLD_CHARACTER_SET_RESULTS */;
/*!40101 SET COLLATION_CONNECTION=@OLD_COLLATION_CONNECTION */;
/*!40111 SET SQL_NOTES=@OLD_SQL_NOTES */;

-- Dump completed on: Tue, 05 Mar 2024 11:25:26 +0100
