-- mysqldump-php https://github.com/ifsnop/mysqldump-php
--
-- Host: localhost	Database: legal_db
-- ------------------------------------------------------
-- Server version 	10.4.24-MariaDB
-- Date: Sun, 10 Mar 2024 10:35:54 +0100

/*!40101 SET @OLD_CHARACTER_SET_CLIENT=@@CHARACTER_SET_CLIENT */;
/*!40101 SET @OLD_CHARACTER_SET_RESULTS=@@CHARACTER_SET_RESULTS */;
/*!40101 SET @OLD_COLLATION_CONNECTION=@@COLLATION_CONNECTION */;
/*!40101 SET NAMES utf8 */;
/*!40103 SET @OLD_TIME_ZONE=@@TIME_ZONE */;
/*!40103 SET TIME_ZONE='+00:00' */;
/*!40101 SET @OLD_AUTOCOMMIT=@@AUTOCOMMIT */;
/*!40014 SET @OLD_UNIQUE_CHECKS=@@UNIQUE_CHECKS, UNIQUE_CHECKS=0 */;
/*!40014 SET @OLD_FOREIGN_KEY_CHECKS=@@FOREIGN_KEY_CHECKS, FOREIGN_KEY_CHECKS=0 */;
/*!40101 SET @OLD_SQL_MODE=@@SQL_MODE, SQL_MODE='NO_AUTO_VALUE_ON_ZERO' */;
/*!40111 SET @OLD_SQL_NOTES=@@SQL_NOTES, SQL_NOTES=0 */;

--
-- Table structure for table `case_type`
--

/*!40101 SET @saved_cs_client     = @@character_set_client */;
/*!40101 SET character_set_client = utf8 */;
CREATE TABLE `case_type` (
  `id` int(11) NOT NULL AUTO_INCREMENT,
  `type` varchar(250) NOT NULL,
  `auto_id` int(11) NOT NULL,
  PRIMARY KEY (`id`)
) ENGINE=InnoDB AUTO_INCREMENT=32 DEFAULT CHARSET=utf8mb4;
/*!40101 SET character_set_client = @saved_cs_client */;

--
-- Dumping data for table `case_type`
--

LOCK TABLES `case_type` WRITE;
/*!40000 ALTER TABLE `case_type` DISABLE KEYS */;
SET autocommit=0;
INSERT INTO `case_type` VALUES (2,'রিট পিটিশন',1),(3,'কনটেম্পট পিটিশন',1),(4,'এডমিলারিটি স্যুট',1),(5,'ফার্স্ট আপীল',1),(6,'আরবিট্রেশন এপ্লিকেশন',1),(7,'সিপিএলএ',2),(8,'সিএমপি',2),(9,'সিভিল রিভিউ পিটিশন',2),(10,'ক্রিমিনাল রিভিউ পিটিশন',2),(11,'কনটেম্পট পিটিশন',2),(12,'সিভিল আপীল',2),(13,'মানি স্যুট',3),(14,'মানি এক্সিকিউশন মামলা',3),(15,'অর্থঋণ মামলা',3),(16,'টাইটেল স্যুট',3),(17,'মিসকেস',3),(18,'আরবিট্রেশন এপ্লিকেশন',3),(19,'ট্রান্সফার মিসকেস',3),(20,'মিস আপীল',3),(21,'জিআর',4),(22,'সিআর',4),(23,'দেওয়ানী',4),(24,'বিএলএল',5),(25,'আপীল মামলা',6),(26,'সিভিল রিভিশন',2),(28,'সিভিল রুল',2),(30,'সিভিল রিভিশন',1);
/*!40000 ALTER TABLE `case_type` ENABLE KEYS */;
UNLOCK TABLES;
COMMIT;

-- Dumped table `case_type` with 27 row(s)
--

--
-- Table structure for table `court_division`
--

/*!40101 SET @saved_cs_client     = @@character_set_client */;
/*!40101 SET character_set_client = utf8 */;
CREATE TABLE `court_division` (
  `id` int(11) NOT NULL AUTO_INCREMENT,
  `court_division_name` varchar(100) NOT NULL,
  `auto_id` int(11) NOT NULL,
  PRIMARY KEY (`id`)
) ENGINE=InnoDB AUTO_INCREMENT=13 DEFAULT CHARSET=utf8mb4;
/*!40101 SET character_set_client = @saved_cs_client */;

--
-- Dumping data for table `court_division`
--

LOCK TABLES `court_division` WRITE;
/*!40000 ALTER TABLE `court_division` DISABLE KEYS */;
SET autocommit=0;
INSERT INTO `court_division` VALUES (1,'হাইকোর্ট বিভাগ',1),(2,'আপিল বিভাগ',1),(3,'জজ কোর্ট',2),(4,'সিএমএম কোর্ট',2),(5,'শ্রম আদালত',2),(6,'শ্রম আপীল আদালত',2);
/*!40000 ALTER TABLE `court_division` ENABLE KEYS */;
UNLOCK TABLES;
COMMIT;

-- Dumped table `court_division` with 6 row(s)
--

--
-- Table structure for table `court_type`
--

/*!40101 SET @saved_cs_client     = @@character_set_client */;
/*!40101 SET character_set_client = utf8 */;
CREATE TABLE `court_type` (
  `id` int(11) NOT NULL AUTO_INCREMENT,
  `type` varchar(100) NOT NULL,
  PRIMARY KEY (`id`)
) ENGINE=InnoDB AUTO_INCREMENT=5 DEFAULT CHARSET=utf8mb4;
/*!40101 SET character_set_client = @saved_cs_client */;

--
-- Dumping data for table `court_type`
--

LOCK TABLES `court_type` WRITE;
/*!40000 ALTER TABLE `court_type` DISABLE KEYS */;
SET autocommit=0;
INSERT INTO `court_type` VALUES (1,'উচ্চ আদালত'),(2,'নিম্ন আদালত');
/*!40000 ALTER TABLE `court_type` ENABLE KEYS */;
UNLOCK TABLES;
COMMIT;

-- Dumped table `court_type` with 2 row(s)
--

--
-- Table structure for table `legal_tbl`
--

/*!40101 SET @saved_cs_client     = @@character_set_client */;
/*!40101 SET character_set_client = utf8 */;
CREATE TABLE `legal_tbl` (
  `id` int(11) NOT NULL AUTO_INCREMENT,
  `org_name` varchar(20) NOT NULL DEFAULT 'বিসিআইসি',
  `court_type` varchar(100) CHARACTER SET utf8mb4 COLLATE utf8mb4_unicode_ci NOT NULL,
  `court_division` varchar(100) NOT NULL,
  `case_type` varchar(200) NOT NULL,
  `case_no` varchar(100) NOT NULL,
  `case_date` varchar(100) NOT NULL,
  `case_duration` date NOT NULL,
  `reason_of_case` text NOT NULL,
  `plaintiff_name` varchar(250) NOT NULL,
  `defendant_name` varchar(250) NOT NULL,
  `lower_name_address` text NOT NULL,
  `case_filing_date` date NOT NULL,
  `hearing_date` date NOT NULL,
  `hearing_result` varchar(100) NOT NULL,
  `next_hearing_result_date` date NOT NULL,
  `case_filing_accept_steps` text NOT NULL,
  `panel_lower_info` text NOT NULL,
  `panel_low_adv_info` text NOT NULL,
  `remarks` text NOT NULL,
  `concate3col` varchar(250) NOT NULL,
  PRIMARY KEY (`id`)
) ENGINE=InnoDB AUTO_INCREMENT=358 DEFAULT CHARSET=utf8mb4;
/*!40101 SET character_set_client = @saved_cs_client */;

--
-- Dumping data for table `legal_tbl`
--

LOCK TABLES `legal_tbl` WRITE;
/*!40000 ALTER TABLE `legal_tbl` DISABLE KEYS */;
SET autocommit=0;
INSERT INTO `legal_tbl` VALUES (1,'বিসিআইসি','উচ্চ আদালত','হাইকোর্ট বিভাগ','রিট পিটিশন','২৭৯৫','২০০৫','0000-00-00','স্বেচ্ছায় অবসরের আবেদন প্রত্যাহারের আবেদন জানালে সংস্হা কর্তৃক উহা না মন্জুর করলে পিটিশনার এই রিট মামলা দায়ের করে।','মোঃ ইনাদুর রহমান','বিসিআইসি','ব্যারিস্টার তোফায়েলুর রহমান\r\n০১৮১৯২৫৩১৫৮','2005-02-03','2024-02-15','পক্ষে','0000-00-00','বিচারাধীন','ব্যারিস্টার তোফায়েলুর রহমান\r\n০১৮১৯২৫৩১৫৮','','আইনজীবী নিয়োগ, ওকালতনামা ও Parawise Comments প্রদান','রিট পিটিশন নং-২৭৯৫/২০০৫'),(2,'বিসিআইসি','উচ্চ আদালত','হাইকোর্ট বিভাগ','আরবিট্রেশন এপ্লিকেশন','০৬','২০০৪','0000-00-00','পারফরমেন্স গ্যারান্টি (৫১,২০০ মার্কিন ডলার)  নগদায়ন সংক্রান্ত','মাহফুজা রশিদ (বাল্ক ট্রেড ইন্টাঃ)','বিসিআইসি','এ এফ কবির','2004-03-29','2024-01-31','','0000-00-00','আইনজীবী নিয়োগ, ওকালতনামা ও Parawise Comments প্রদান','এ এফ কবির','','আইনজীবী নিয়োগ, ওকালতনামা ও Parawise Comments প্রদান','আরবিট্রেশন এপ্লিকেশন নং-০৬/২০০৪'),(3,'বিসিআইসি','উচ্চ আদালত','হাইকোর্ট বিভাগ','আরবিট্রেশন এপ্লিকেশন','০৭','২০০৪','0000-00-00','পারফরমেন্স গ্যারান্টি (৫১,২০০ মার্কিন ডলার) নগদায়ন সংক্রান্ত','মাহফুজা রশিদ (বাল্ক ট্রেড ইন্টাঃ)','বিসিআইসি','','2004-03-29','2024-01-31','','0000-00-00','আইনজীবী নিয়োগ, ওকালতনামা ও Parawise Comments প্রদান','','','আইনজীবী নিয়োগ, ওকালতনামা ও Parawise Comments প্রদান','আরবিট্রেশন এপ্লিকেশন নং-০৭/২০০৪'),(4,'বিসিআইসি','উচ্চ আদালত','হাইকোর্ট বিভাগ','রিট পিটিশন','৪২১২','২০০৫','0000-00-00','স্বেচ্ছায় অবসর গ্রহণ সংক্রান্ত মামলা','ইয়াসিন ব্যাপারী','বিসিআইসি','লিগ্যাল রেমিডি','0000-00-00','0000-00-00','','0000-00-00','','আইনজীবী নিয়োগ, ওকালতনামা ও Parawise Comments প্রদান','','বিচারাধীন','রিট পিটিশন নং-৪২১২/২০০৫'),(5,'বিসিআইসি','উচ্চ আদালত','হাইকোর্ট বিভাগ','রিট পিটিশন','৪২১৩','২০০৫','0000-00-00','স্বেচ্ছায় অবসর গ্রহণ সংক্রান্ত মামলা','শেখ শহীদ','বিসিআইসি','লিগ্যাল রেমিডি\r\n০১৭১১৩৩৩২২০০','0000-00-00','0000-00-00','','0000-00-00','আইনজীবী নিয়োগ, ওকালতনামা ও Parawise Comments প্রদান','','','বিচারাধীন','রিট পিটিশন নং-৪২১৩/২০০৫'),(6,'বিসিআইসি','উচ্চ আদালত','হাইকোর্ট বিভাগ','রিট পিটিশন','৩৫২১','২০০৫','0000-00-00','শর্তমতে রক ফসফেট সরবরাহ করতে ব্যর্থ হওয়ায় পিজি বাজেয়াপ্ত করা হলে  মামলা দায়ের করা হয়।','মেসার্স বাল্ক ট্রেড ইন্টার ন্যাশনাল ','বিসিআইসি','লিগ্যাল রেমিডি\r\n০১৭১১৩৩৩২২০০','0000-00-00','0000-00-00','','0000-00-00','আইনজীবী নিয়োগ, ওকালতনামা ও Parawise Comments প্রদান','','','বিচারাধীন','রিট পিটিশন নং-৩৫২১/২০০৫'),(7,'বিসিআইসি','উচ্চ আদালত','হাইকোর্ট বিভাগ','রিট পিটিশন','৫৮০১','২০০৫','0000-00-00','সার ডিলারশীপ সংক্রান্ত','রেজাউল করিম','সচিব, কৃষি মন্তণালয় ও অন্যান্য','ব্যারিস্টার তোফায়েলুর রহমান\r\n০১৮১৯২৫৩১৫৮','0000-00-00','0000-00-00','','0000-00-00','আইনজীবী নিয়োগ, ওকালতনামা ও Parawise Comments প্রদান','','','বিচারাধীন','রিট পিটিশন নং-৫৮০১/২০০৫'),(8,'বিসিআইসি','উচ্চ আদালত','হাইকোর্ট বিভাগ','রিট পিটিশন','৫৮০৫','২০০৫','0000-00-00','সার ডিলারশীপ সংক্রান্ত','ইফতেখার আহমেদ চৌঃ','সচিব, কৃষি মন্তণালয় ও অন্যান্য','ব্যারিস্টার তোফায়েলুর রহমান\r\n০১৮১৯২৫৩১৫৮','0000-00-00','0000-00-00','','0000-00-00','আইনজীবী নিয়োগ, ওকালতনামা ও Parawise Comments প্রদান','','','বিচারাধীন','রিট পিটিশন নং-৫৮০৫/২০০৫'),(9,'বিসিআইসি','উচ্চ আদালত','হাইকোর্ট বিভাগ','রিট পিটিশন','৫৮০৪','২০০৫','0000-00-00','সার ডিলারশীপ সংক্রান্ত','রহমত উল্লাহ','সচিব, কৃষি মন্তণালয় ও অন্যান্য','ব্যারিস্টার তোফায়েলুর রহমান\r\n০১৮১৯২৫৩১৫৮','0000-00-00','0000-00-00','','0000-00-00','আইনজীবী নিয়োগ, ওকালতনামা ও Parawise Comments প্রদান','','','বিচারাধীন','রিট পিটিশন নং-৫৮০৪/২০০৫'),(10,'বিসিআইসি','উচ্চ আদালত','হাইকোর্ট বিভাগ','রিট পিটিশন','৬৯৫৬','২০০৫','0000-00-00','সার ডিলারশীপ সংক্রান্ত','আব্দুল জব্বার','সচিব, কৃষি মন্তণালয় ও অন্যান্য','ব্যারিস্টার তোফায়েলুর রহমান\r\n০১৮১৯২৫৩১৫৮','0000-00-00','0000-00-00','','0000-00-00','আইনজীবী নিয়োগ, ওকালতনামা ও Parawise Comments প্রদান','','','বিচারাধীন','রিট পিটিশন নং-৬৯৫৬/২০০৫'),(11,'বিসিআইসি','উচ্চ আদালত','হাইকোর্ট বিভাগ','রিট পিটিশন','৮৭৮৯','২০০৫','0000-00-00','সার ডিলারশীপ সংক্রান্ত','রইসুল ইসলাম','সচিব, কৃষি মন্তণালয় ও অন্যান্য','ব্যারিস্টার তোফায়েলুর রহমান\r\n০১৮১৯২৫৩১৫৮','0000-00-00','0000-00-00','','0000-00-00','','','আইনজীবী নিয়োগ, ওকালতনামা ও Parawise Comments প্রদান','বিচারাধীন','রিট পিটিশন নং-৮৭৮৯/২০০৫'),(12,'বিসিআইসি','উচ্চ আদালত','হাইকোর্ট বিভাগ','রিট পিটিশন','৫৮০২','২০০৫','0000-00-00','সার ডিলারশিপ সংক্রান্ত','সম্পা বেগম','সচিব, কৃষি মন্তণালয় ও অন্যান্য','ব্যারিস্টার তোফায়েলুর রহমান\r\n০১৮১৯২৫৩১৫৮','0000-00-00','0000-00-00','','0000-00-00','ব্যারিস্টার তোফায়েলুর রহমান\r\n০১৮১৯২৫৩১৫৮','','','','রিট পিটিশন নং-৫৮০২/২০০৫'),(13,'বিসিআইসি','উচ্চ আদালত','হাইকোর্ট বিভাগ','রিট পিটিশন','৪৬৮৯','২০০৬','0000-00-00','সার ডিলারশীপ সংক্রান্ত','মাহফুজুর রহমান','বিসিআইসি','লিগ্যাল রেমিডি\r\n০১৭১১৩৩৩২২০০','0000-00-00','0000-00-00','','0000-00-00','আইনজীবী নিয়োগ, ওকালতনামা ও Parawise Comments প্রদান','','','','রিট পিটিশন নং-৪৬৮৯/২০০৬'),(14,'বিসিআইসি','উচ্চ আদালত','হাইকোর্ট বিভাগ','রিট পিটিশন','৪৪৭৮','২০০৬','0000-00-00','সার ডিলারশীপ সংক্রান্ত','রকিবুল হাসান','বিসিআইসি','লিগ্যাল রেমিডি\r\n০১৭১১৩৩৩২২০০','0000-00-00','0000-00-00','','0000-00-00','আইনজীবী নিয়োগ, ওকালতনামা ও Parawise Comments প্রদান','','','','রিট পিটিশন নং-৪৪৭৮/২০০৬'),(15,'বিসিআইসি','উচ্চ আদালত','হাইকোর্ট বিভাগ','রিট পিটিশন','৪৬৯১','২০০৬','0000-00-00','সার ডিলারশিপ সংক্রান্ত','হামিদা পারভীন','সচিব, কৃষি মন্ত্রণালয় ও অন্যান্য','লিগ্যাল রেমিডি\r\n০১৭১১৩৩৩২২০০','0000-00-00','0000-00-00','','0000-00-00','আইনজীবী নিয়োগ, ওকালতনামা ও Parawise Comments প্রদান','লিগ্যাল রেমিডি\r\n০১৭১১৩৩৩২২০০','','','রিট পিটিশন নং-৪৬৯১/২০০৬'),(16,'বিসিআইসি','উচ্চ আদালত','হাইকোর্ট বিভাগ','রিট পিটিশন','৪৪২৩','২০০৬','0000-00-00','সার ডিলারশীপ সংক্রান্ত','কাকলী স্টোর','সচিব, কৃষি মন্ত্রণালয় ও অন্যান্য','ব্যারিস্টার তোফায়েলুর রহমান\r\n০১৮১৯২৫৩১৫৮','0000-00-00','0000-00-00','','0000-00-00','আইনজীবী নিয়োগ, ওকালতনামা ও Parawise Comments প্রদান','','','','রিট পিটিশন নং-৪৪২৩/২০০৬'),(17,'বিসিআইসি','উচ্চ আদালত','হাইকোর্ট বিভাগ','রিট পিটিশন','৬৪২২','২০০৬','0000-00-00','সার ডিলারশিপ সংক্রান্ত','জাহাঙ্গীর হোসেন','সচিব, কৃষি মন্ত্রণালয় ও অন্যান্য','ব্যারিস্টার তোফায়েলুর রহমান\r\n০১৮১৯২৫৩১৫৮','0000-00-00','0000-00-00','','0000-00-00','আইনজীবী নিয়োগ, ওকালতনামা ও Parawise Comments প্রদান','','','','রিট পিটিশন নং-৬৪২২/২০০৬'),(18,'বিসিআইসি','উচ্চ আদালত','হাইকোর্ট বিভাগ','রিট পিটিশন','৭৮৭৩','২০০৬','0000-00-00','সার ডিলারশিপ সংক্রান্ত','মোঃ ইসরাঈল','সচিব, কৃষি মন্ত্রণালয় ও অন্যান্য','লিগ্যাল রেমিডি\r\n০১৭১১৩৩৩২২০০','0000-00-00','0000-00-00','','0000-00-00','আইনজীবী নিয়োগ, ওকালতনামা ও Parawise Comments প্রদান','','','','রিট পিটিশন নং-৭৮৭৩/২০০৬'),(19,'বিসিআইসি','উচ্চ আদালত','হাইকোর্ট বিভাগ','রিট পিটিশন','৬৪২১','২০০৬','0000-00-00','সার ডিলারশীপ সংক্রান্ত','সাদিয়া এন্টারপ্রাইজ','সচিব, কৃষি মন্ত্রণালয় ও অন্যান্য','ব্যারিস্টার তোফায়েলুর রহমান\r\n০১৮১৯২৫৩১৫৮','0000-00-00','0000-00-00','','0000-00-00','আইনজীবী নিয়োগ, ওকালতনামা ও Parawise Comments প্রদান','','','','রিট পিটিশন নং-৬৪২১/২০০৬'),(20,'বিসিআইসি','উচ্চ আদালত','হাইকোর্ট বিভাগ','রিট পিটিশন','৬৪২২','২০০৬','0000-00-00','সার ডিলারশীপ সংক্রান্ত','শারমিন এন্টারপ্রাইজ','সচিব, কৃষি মন্ত্রণালয় ও অন্যান্য','ব্যারিস্টার তোফায়েলুর রহমান\r\n০১৮১৯২৫৩১৫৮','0000-00-00','0000-00-00','','0000-00-00','আইনজীবী নিয়োগ, ওকালতনামা ও Parawise Comments প্রদান','','','','রিট পিটিশন নং-৬৪২২/২০০৬'),(21,'বিসিআইসি','উচ্চ আদালত','হাইকোর্ট বিভাগ','রিট পিটিশন','৬৪২৩','২০০৬','0000-00-00','সার ডিলারশীপ সংক্রান্ত','ফাতেমা এন্টারপ্রাইজ','সচিব, কৃষি মন্ত্রণালয় ও অন্যান্য','','0000-00-00','0000-00-00','','0000-00-00','আইনজীবী নিয়োগ, ওকালতনামা ও Parawise Comments প্রদান','','','','রিট পিটিশন নং-৬৪২৩/২০০৬'),(22,'বিসিআইসি','উচ্চ আদালত','হাইকোর্ট বিভাগ','রিট পিটিশন','১১০৩','২০০৬','0000-00-00','স্বেচ্ছায় অবসরের আবেদন প্রত্যাহারের আবেদন জানালে সংস্থা কর্তৃক উহা না-মঞ্জুর করলে পিটিশনার এই রিট মামলা দায়ের করে','আব্দুর রব','বিসিআইসি','লিগ্যাল রেমিডি\r\n০১৭১১৩৩৩২২০০','0000-00-00','0000-00-00','','0000-00-00','আইনজীবী নিয়োগ, ওকালতনামা ও Parawise Comments প্রদান','','','','রিট পিটিশন নং-১১০৩/২০০৬'),(23,'বিসিআইসি','উচ্চ আদালত','হাইকোর্ট বিভাগ','রিট পিটিশন','১৪০৭','২০০৬','0000-00-00','স্বেচ্ছায় অবসরের আবেদন প্রত্যাহারের আবেদন জানালে সংস্হা কর্তৃক উহা না মঞ্জুর করলে পিটিশনার এই রিট মামলা দায়ের করে','মোঃ সাইদুর রহমান ভূইঁয়া','বিসিআইসি','লিগ্যাল রেমিডি\r\n০১৭১১৩৩৩২২০০','0000-00-00','0000-00-00','','0000-00-00','আইনজীবী নিয়োগ, ওকালতনামা ও Parawise Comments প্রদান','','','','রিট পিটিশন নং-১৪০৭/২০০৬'),(24,'বিসিআইসি','উচ্চ আদালত','হাইকোর্ট বিভাগ','রিট পিটিশন','৭১৫৯','২০০৬','0000-00-00','সর্বনিম্ন দরদাতা দরপত্রটি টেন্ডারের শর্তমতে না হওয়ার পরও সংস্থা উক্ত টেন্ডার গ্রহণ করে এবং নন ট্রান্সফারেবল এল/সি এর শর্ত জুড়ে দেয়। পরবর্তীতে দরপত্র দাতার শর্তপূরণে ব্যর্থতার জন্য মেসার্স প্রমিজ ট্রেডার্স দরপত্রের সাথে দাখিলকৃত ১৫,০০০০০ টাকার বিড বন্ড সংস্থা কর্তৃক নগদায়নের ব্যবস্থা গ্রহণ করা হলে মেসার্স প্রমিজ ট্রেডার্স এর মালিক এ.ট.এম. রুহুল আমিন বাদী হয়ে আলোচ্য রিট পিটিশন দায়ের করে।','টি,এম, রুহুল আমিন, প্রোপ্রাইটর- মেসার্স প্রমিজ ট্রেডার্স','বিসিআইসি','তোফায়েলুর রহমান\r\n০১৮১৯২৫৩১৫৮','0000-00-00','0000-00-00','','0000-00-00','আইনজীবী নিয়োগ, ওকালতনামা ও Parawise Comments প্রদান','','','','রিট পিটিশন নং-৭১৫৯/২০০৬'),(25,'বিসিআইসি','উচ্চ আদালত','হাইকোর্ট বিভাগ','ফার্স্ট আপীল','১৮৪','২০০৭','0000-00-00','আমদানীকৃত রক ফসফেট সরবরাহ করতে না পারায় ব্যাংক গ্যারান্টি বাবদ ৬৫, ৯০, ০০০ হাজার টাকা বাজেয়াপ্ত করা হয়।','আমিনুর রশিদ খান, মেসার্স হাইড্রোকার্বন','বিসিআইসি','এম এ সামাদ\r\n০১৭১৫৯২৩২৫০','0000-00-00','0000-00-00','','0000-00-00','আইনজীবী নিয়োগ, ওকালতনামা ও Parawise Comments প্রদান','','','','ফার্স্ট আপীল নং-১৮৪/২০০৭'),(26,'বিসিআইসি','উচ্চ আদালত','হাইকোর্ট বিভাগ','রিট পিটিশন','৩৯৪১','২০০৭','0000-00-00','সার ডিলারশীপ সংক্রান্ত','শহিদুল ইসলাম','সচিব, কৃষি মন্তণালয় ও অন্যান্য','ব্যারিস্টার তোফায়েলুর রহমান\r\n০১৮১৯২৫৩১৫৮','0000-00-00','0000-00-00','','0000-00-00','আইনজীবী নিয়োগ, ওকালতনামা ও Parawise Comments প্রদান','','','','রিট পিটিশন নং-৩৯৪১/২০০৭'),(27,'বিসিআইসি','উচ্চ আদালত','হাইকোর্ট বিভাগ','রিট পিটিশন','৯৬৪৯','২০০৭','0000-00-00','সার ডিলারশীপ সংক্রান্ত','সিকান্দার আলী','সিকান্দার আলী','ব্যারিস্টার তোফায়েলুর রহমান\r\n০১৮১৯২৫৩১৫৮','0000-00-00','0000-00-00','','0000-00-00','আইনজীবী নিয়োগ, ওকালতনামা ও Parawise Comments প্রদান','','','','রিট পিটিশন নং-৯৬৪৯/২০০৭'),(28,'বিসিআইসি','উচ্চ আদালত','হাইকোর্ট বিভাগ','রিট পিটিশন','১০৩৮২','২০০৭','0000-00-00','সার ডিলারশিপ সংক্রান্ত','আতিক এন্টারপ্রাইজ','বিসিআইসি','ব্যারিস্টার তোফায়েলুর রহমান\r\n০১৮১৯২৫৩১৫৮\r\n','0000-00-00','0000-00-00','','0000-00-00','আইনজীবী নিয়োগ, ওকালতনামা ও Parawise Comments প্রদান','','','','রিট পিটিশন নং-১০৩৮২/২০০৭'),(29,'বিসিআইসি','উচ্চ আদালত','হাইকোর্ট বিভাগ','রিট পিটিশন','১০৬৫৬','২০০৭','0000-00-00','সার ডিলারশীপ সংক্রান্ত','আশরাফুল আলম','বিসিআইসি','ব্যারিস্টার তোফায়েলুর রহমান\r\n০১৮১৯২৫৩১৫৮','0000-00-00','0000-00-00','','0000-00-00','আইনজীবী নিয়োগ, ওকালতনামা ও Parawise Comments প্রদান','','','','রিট পিটিশন নং-১০৬৫৬/২০০৭'),(30,'বিসিআইসি','উচ্চ আদালত','হাইকোর্ট বিভাগ','রিট পিটিশন','৯৯২২','২০০৭','0000-00-00','সার ডিলারশীপ সংক্রান্ত','রোনাক ট্রেডার্স','বিসিআইসি','ব্যারিস্টার তোফায়েলুর রহমান\r\n০১৮১৯২৫৩১৫৮\r\n','0000-00-00','0000-00-00','','0000-00-00','আইনজীবী নিয়োগ, ওকালতনামা ও Parawise Comments প্রদান','','','','রিট পিটিশন নং-৯৯২২/২০০৭'),(31,'বিসিআইসি','উচ্চ আদালত','হাইকোর্ট বিভাগ','রিট পিটিশন','৭৩৭','২০০৭','0000-00-00','সার ডিলারশিপ সংক্রান্ত','জামাল উদ্দিন','বিসিআইসি','ব্যারিস্টার তোফায়েলুর রহমান\r\n০১৮১৯২৫৩১৫৮\r\n','0000-00-00','0000-00-00','','0000-00-00','আইনজীবী নিয়োগ, ওকালতনামা ও Parawise Comments প্রদান','','','','রিট পিটিশন নং-৭৩৭/২০০৭'),(32,'বিসিআইসি','উচ্চ আদালত','হাইকোর্ট বিভাগ','রিট পিটিশন','১০৬৫৭','২০০৭','0000-00-00','সার ডিলারশীপ সংক্রান্ত','ঊষা এন্টারপ্রাইজ','বিসিআইসি','ব্যারিস্টার তোফায়েলুর রহমান\r\n০১৮১৯২৫৩১৫৮','0000-00-00','0000-00-00','','0000-00-00','আইনজীবী নিয়োগ, ওকালতনামা ও Parawise Comments প্রদান','','','','রিট পিটিশন নং-১০৬৫৭/২০০৭'),(33,'বিসিআইসি','উচ্চ আদালত','হাইকোর্ট বিভাগ','রিট পিটিশন','১১০১২','২০০৭','0000-00-00','সার ডিলারশীপ সংক্রান্ত','হোসেন এন্টারপ্রাইজ','বিসিআইসি','ব্যারিস্টার তোফায়েলুর রহমান\r\n০১৮১৯২৫৩১৫৮	','0000-00-00','0000-00-00','','0000-00-00','আইনজীবী নিয়োগ, ওকালতনামা ও Parawise Comments প্রদান\r\n','','','','রিট পিটিশন নং-১১০১২/২০০৭'),(34,'বিসিআইসি','উচ্চ আদালত','হাইকোর্ট বিভাগ','রিট পিটিশন','১০৬৫৮','২০০৭','0000-00-00','	সার ডিলারশীপ সংক্রান্ত		\r\n','আশা  এন্টারপ্রাইজ','সচিব, কৃষি মন্তণালয় ও অন্যান্য','ব্যারিস্টার তোফায়েলুর রহমান\r\n০১৮১৯২৫৩১৫৮	','0000-00-00','0000-00-00','','0000-00-00','আইনজীবী নিয়োগ, ওকালতনামা ও Parawise Comments প্রদান','','','','রিট পিটিশন নং-১০৬৫৮/২০০৭'),(35,'বিসিআইসি','উচ্চ আদালত','হাইকোর্ট বিভাগ','রিট পিটিশন','৫৯৮','২০০৭','0000-00-00','সার ডিলারশীপ সংক্রান্ত			\r\n','হক এন্টারপ্রাইজ','সচিব, কৃষি মন্ত্রণালয় ও অন্যান্য','ব্যারিস্টার তোফায়েলুর রহমান\r\n০১৮১৯২৫৩১৫৮','0000-00-00','0000-00-00','','0000-00-00','আইনজীবী নিয়োগ, ওকালতনামা ও Parawise Comments প্রদান','','','','রিট পিটিশন নং-৫৯৮/২০০৭'),(36,'বিসিআইসি','উচ্চ আদালত','হাইকোর্ট বিভাগ','রিট পিটিশন','৯২২','২০০৭','0000-00-00','সার ডিলারশীপ সংক্রান্ত		\r\n','রেজাউল করিম','সচিব, কৃষি মন্ত্রণালয় ও অন্যান্য','ব্যারিস্টার তোফায়েলুর রহমান\r\n০১৮১৯২৫৩১৫৮','0000-00-00','0000-00-00','','0000-00-00','আইনজীবী নিয়োগ, ওকালতনামা ও Parawise Comments প্রদান','','','','রিট পিটিশন নং-৯২২/২০০৭'),(37,'বিসিআইসি','উচ্চ আদালত','হাইকোর্ট বিভাগ','রিট পিটিশন','১১৬১','২০০৭','0000-00-00','সার ডিলারশীপ সংক্রান্ত			\r\n','তালুকদার এন্টারপ্রাইজ','সচিব, কৃষি মন্ত্রণালয় ও অন্যান্য','ব্যারিস্টার তোফায়েলুর রহমান\r\n০১৮১৯২৫৩১৫৮','0000-00-00','0000-00-00','','0000-00-00','আইনজীবী নিয়োগ, ওকালতনামা ও Parawise Comments প্রদান','','','','রিট পিটিশন নং-১১৬১/২০০৭'),(38,'বিসিআইসি','উচ্চ আদালত','হাইকোর্ট বিভাগ','রিট পিটিশন','৯২৩','২০০৮','0000-00-00','সার ডিলারশীপ সংক্রান্ত	\r\n','মোঃ কামাল উদ্দিন','সচিব, কৃষি মন্ত্রণালয় ও অন্যান্য','ব্যারিস্টার তোফায়েলুর রহমান\r\n০১৮১৯২৫৩১৫৮	','0000-00-00','0000-00-00','','0000-00-00','আইনজীবী নিয়োগ, ওকালতনামা ও Parawise Comments প্রদান','','','','রিট পিটিশন নং-৯২৩/২০০৮'),(39,'বিসিআইসি','উচ্চ আদালত','হাইকোর্ট বিভাগ','রিট পিটিশন','১৩৮৫','২০০৮	','0000-00-00','	সার ডিলারশীপ সংক্রান্ত			\r\n','মেসার্স জুলমানান ট্রেডার্স','সচিব, কৃষি মন্ত্রণালয় ও অন্যান্য','ব্যারিস্টার তোফায়েলুর রহমান\r\n০১৮১৯২৫৩১৫৮','0000-00-00','0000-00-00','','0000-00-00','আইনজীবী নিয়োগ, ওকালতনামা ও Parawise Comments প্রদান','','','','রিট পিটিশন নং-১৩৮৫/২০০৮	'),(40,'বিসিআইসি','উচ্চ আদালত','হাইকোর্ট বিভাগ','রিট পিটিশন','৮০২','২০০৮','0000-00-00','সার ডিলারশীপ সংক্রান্ত			\r\n','মেসার্স এন ইসলাম ','সচিব, কৃষি মন্ত্রণালয় ও অন্যান্য','ব্যারিস্টার তোফায়েলুর রহমান\r\n০১৮১৯২৫৩১৫৮','0000-00-00','0000-00-00','','0000-00-00','আইনজীবী নিয়োগ, ওকালতনামা ও Parawise Comments প্রদান','','','','রিট পিটিশন নং-৮০২/২০০৮'),(41,'বিসিআইসি','উচ্চ আদালত','হাইকোর্ট বিভাগ','রিট পিটিশন','৮০২','২০০৮','0000-00-00','সার ডিলারশীপ সংক্রান্ত		\r\n','মোঃ মোস্তাফিজুর রহমান','সচিব, কৃষি মন্ত্রণালয় ও অন্যান্য','ব্যারিস্টার তোফায়েলুর রহমান\r\n০১৮১৯২৫৩১৫৮	','0000-00-00','0000-00-00','','0000-00-00','আইনজীবী নিয়োগ, ওকালতনামা ও Parawise Comments প্রদান','','','','রিট পিটিশন নং-৮০২/২০০৮'),(42,'বিসিআইসি','উচ্চ আদালত','হাইকোর্ট বিভাগ','রিট পিটিশন','৫৯৮','২০০৮','0000-00-00','সার ডিলারশীপ সংক্রান্ত		\r\n','ইশরামুল হক','সচিব, কৃষি মন্ত্রণালয় ও অন্যান্য','ব্যারিস্টার তোফায়েলুর রহমান\r\n০১৮১৯২৫৩১৫৮','0000-00-00','0000-00-00','','0000-00-00','আইনজীবী নিয়োগ, ওকালতনামা ও Parawise Comments প্রদান','','','','রিট পিটিশন নং-৫৯৮/২০০৮'),(43,'বিসিআইসি','উচ্চ আদালত','হাইকোর্ট বিভাগ','রিট পিটিশন','১০৭৪','২০০৮','0000-00-00','সার ডিলারশীপ সংক্রান্ত	\r\n','জামাল এন্ড সিদ্দিক ট্রেডার্স','সচিব, কৃষি মন্ত্রণালয় ও অন্যান্য','ব্যারিস্টার তোফায়েলুর রহমান\r\n০১৮১৯২৫৩১৫৮','0000-00-00','0000-00-00','','0000-00-00','	আইনজীবী নিয়োগ, ওকালতনামা ও Parawise Comments প্রদান','','','','রিট পিটিশন নং-১০৭৪/২০০৮'),(44,'বিসিআইসি','উচ্চ আদালত','হাইকোর্ট বিভাগ','রিট পিটিশন','২৮৬৭','২০০৮','0000-00-00','সার ডিলারশীপ সংক্রান্ত			\r\n','নূর নবী','সচিব, কৃষি মন্ত্রণালয় ও অন্যান্য','ব্যারিস্টার তোফায়েলুর রহমান\r\n০১৮১৯২৫৩১৫৮','0000-00-00','0000-00-00','','0000-00-00','আইনজীবী নিয়োগ, ওকালতনামা ও Parawise Comments প্রদান','','','','রিট পিটিশন নং-২৮৬৭/২০০৮'),(45,'বিসিআইসি','উচ্চ আদালত','হাইকোর্ট বিভাগ','রিট পিটিশন',' ১৭৫৬','২০০৮','0000-00-00',' \r\n	বিসিআইসি	৫৭ বছর বয়স পূর্তিতে চাকরি হতে অবসর প্রদানের বিষয় দায়েরকৃত মামলা			\r\n','মোঃ মনিরুল ইসলাম','বিসিআইসি','ব্যারিস্টার তোফায়েলুর রহমান\r\n০১৮১৯২৫৩১৫৮','0000-00-00','0000-00-00','','0000-00-00','আইনজীবী নিয়োগ, ওকালতনামা ও Parawise Comments প্রদান','','','','রিট পিটিশন নং- ১৭৫৬/২০০৮'),(46,'বিসিআইসি','উচ্চ আদালত','হাইকোর্ট বিভাগ','রিট পিটিশন',' ১৭৬১','২০০৮','0000-00-00','	বিসিআইসি	৫৭ বছর বয়স পূর্তিতে চাকরি হতে অবসর প্রদানের বিষয় দায়েরকৃত মামলা			','মোঃ আব্দুস সালাম','বিসিআইসি','ব্যারিস্টার তোফায়েলুর রহমান\r\n০১৮১৯২৫৩১৫৮','0000-00-00','0000-00-00','','0000-00-00','আইনজীবী নিয়োগ, ওকালতনামা ও Parawise Comments প্রদান\r\n','','','','রিট পিটিশন নং- ১৭৬১/২০০৮'),(47,'বিসিআইসি','উচ্চ আদালত','হাইকোর্ট বিভাগ','রিট পিটিশন','১৭৬৯','২০০৮','0000-00-00','		৫৭ বছর বয়স পূর্তিতে চাকরি হতে অবসর প্রদানের বিষয় দায়েরকৃত মামলা			\r\n','মোঃ আজিজুর রহমান','বিসিআইসি','ব্যারিস্টার তোফায়েলুর রহমান\r\n০১৮১৯২৫৩১৫৮','0000-00-00','0000-00-00','','0000-00-00','আইনজীবী নিয়োগ, ওকালতনামা ও Parawise Comments প্রদান','','','','রিট পিটিশন নং-১৭৬৯/২০০৮'),(48,'বিসিআইসি','উচ্চ আদালত','হাইকোর্ট বিভাগ','রিট পিটিশন','  ৫৯১৪','২০০৮','0000-00-00','৫৭ বছর বয়স পূর্তিতে চাকরি হতে অবসর প্রদানের বিষয় দায়েরকৃত মামলা			','আতাউর রহমান','বিসিআইসি','ব্যারিস্টার তোফায়েলুর রহমান\r\n০১৮১৯২৫৩১৫৮','0000-00-00','0000-00-00','','0000-00-00','আইনজীবী নিয়োগ, ওকালতনামা ও Parawise Comments প্রদান\r\n','','','','রিট পিটিশন নং-  ৫৯১৪/২০০৮'),(49,'বিসিআইসি','উচ্চ আদালত','হাইকোর্ট বিভাগ','রিট পিটিশন',' ৬২০৩','২০০৮','0000-00-00','৫৭ বছর বয়স পূর্তিতে চাকরি হতে অবসর প্রদানের বিষয় দায়েরকৃত মামলা			\r\n','নুরুল আমিন সরদার','বিসিআইসি','ব্যারিস্টার তোফায়েলুর রহমান\r\n০১৮১৯২৫৩১৫৮','0000-00-00','0000-00-00','','0000-00-00','আইনজীবী নিয়োগ, ওকালতনামা ও Parawise Comments প্রদান','','','','রিট পিটিশন নং- ৬২০৩/২০০৮'),(50,'বিসিআইসি','উচ্চ আদালত','হাইকোর্ট বিভাগ','রিট পিটিশন','৯৯৩০','২০০৮','0000-00-00','৫৭ বছর বয়স পূর্তিতে চাকরি হতে অবসর প্রদানের বিষয় দায়েরকৃত মামলা			','আমিরুল ইসলাম','বিসিআইসি','ব্যারিস্টার তোফায়েলুর রহমান\r\n০১৮১৯২৫৩১৫৮','0000-00-00','0000-00-00','','0000-00-00','আইনজীবী নিয়োগ, ওকালতনামা ও Parawise Comments প্রদান','','','','রিট পিটিশন নং-৯৯৩০/২০০৮'),(51,'বিসিআইসি','উচ্চ আদালত','হাইকোর্ট বিভাগ','রিট পিটিশন','১৭৯৮','২০০৮','0000-00-00','		৫৭ বছর বয়স পূর্তিতে চাকরি হতে অবসর প্রদানের বিষয় দায়েরকৃত মামলা			\r\n','শাহীন মিয়া','বিসিআইসি','ব্যারিস্টার তোফায়েলুর রহমান\r\n০১৮১৯২৫৩১৫৮','0000-00-00','0000-00-00','','0000-00-00','আইনজীবী নিয়োগ, ওকালতনামা ও Parawise Comments প্রদান','','','','রিট পিটিশন নং-১৭৯৮/২০০৮'),(52,'বিসিআইসি','উচ্চ আদালত','হাইকোর্ট বিভাগ','রিট পিটিশন',' ১২৪','২০০৯','0000-00-00','		৫৭ বছর বয়স পূর্তিতে চাকরি হতে অবসর প্রদানের বিষয় দায়েরকৃত মামলা			','মোঃ ওয়াজি উল্লাহ গং','বিসিআইসি','ব্যারিস্টার তোফায়েলুর রহমান\r\n০১৮১৯২৫৩১৫৮','0000-00-00','0000-00-00','','0000-00-00','আইনজীবী নিয়োগ, ওকালতনামা ও Parawise Comments প্রদান','','','','রিট পিটিশন নং- ১২৪/২০০৯'),(53,'বিসিআইসি','উচ্চ আদালত','হাইকোর্ট বিভাগ','রিট পিটিশন','৪১৪৩','২০০৯','0000-00-00','		৫৭ বছর বয়স পূর্তিতে চাকরি হতে অবসর প্রদানের বিষয় দায়েরকৃত মামলা			','মোঃ সামসুদ্দিন (প্রাক্তন মাষ্টার, টেকনিসিয়ান, সিইউএফএল)','বিসিআইসি','ব্যারিস্টার তোফায়েলুর রহমান\r\n০১৮১৯২৫৩১৫৮','0000-00-00','0000-00-00','','0000-00-00','আইনজীবী নিয়োগ, ওকালতনামা ও Parawise Comments প্রদান\r\n','','','','রিট পিটিশন নং-৪১৪৩/২০০৯'),(54,'বিসিআইসি','উচ্চ আদালত','হাইকোর্ট বিভাগ','রিট পিটিশন','২১৩','২০০৯','0000-00-00','		৫৭ বছর বয়স পূর্তিতে চাকরি হতে অবসর প্রদানের বিষয় দায়েরকৃত মামলা			\r\n','আব্দুল ওয়াহেদ শেখ গং','বিসিআইসি','ব্যারিস্টার তোফায়েলুর রহমান\r\n০১৮১৯২৫৩১৫৮','0000-00-00','0000-00-00','','0000-00-00','আইনজীবী নিয়োগ, ওকালতনামা ও Parawise Comments প্রদান','','','','রিট পিটিশন নং-২১৩/২০০৯'),(55,'বিসিআইসি','উচ্চ আদালত','হাইকোর্ট বিভাগ','রিট পিটিশন',' ৬৬৪৯','২০০৯','0000-00-00','	৫৭ বছর বয়স পূর্তিতে চাকরি হতে অবসর প্রদানের বিষয় দায়েরকৃত মামলা			\r\n','রুহুল আমিন গং	','বিসিআইসি','ব্যারিস্টার তোফায়েলুর রহমান\r\n০১৮১৯২৫৩১৫৮','0000-00-00','0000-00-00','','0000-00-00','আইনজীবী নিয়োগ, ওকালতনামা ও Parawise Comments প্রদান','','','','রিট পিটিশন নং- ৬৬৪৯/২০০৯'),(56,'বিসিআইসি','উচ্চ আদালত','হাইকোর্ট বিভাগ','রিট পিটিশন','৩৯৯৩','২০০৯','0000-00-00','	৫৭ বছর বয়স পূর্তিতে চাকরি হতে অবসর প্রদানের বিষয় দায়েরকৃত মামলা			আ\r\n','সামছুল হক গং	','বিসিআইসি','ব্যারিস্টার তোফায়েলুর রহমান\r\n০১৮১৯২৫৩১৫৮','0000-00-00','0000-00-00','','0000-00-00','ইনজীবী নিয়োগ, ওকালতনামা ও Parawise Comments প্রদান','','','','রিট পিটিশন নং-৩৯৯৩/২০০৯'),(57,'বিসিআইসি','উচ্চ আদালত','হাইকোর্ট বিভাগ','রিট পিটিশন',' ৫২১৮','২০০৯','0000-00-00','৫৭ বছর বয়স পূর্তিতে চাকরি হতে অবসর প্রদানের বিষয় দায়েরকৃত মামলা			\r\n','আবুল কাশেম','বিসিআইসি','ব্যারিস্টার তোফায়েলুর রহমান\r\n০১৮১৯২৫৩১৫৮','0000-00-00','0000-00-00','','0000-00-00','আইনজীবী নিয়োগ, ওকালতনামা ও Parawise Comments প্রদান','','','','রিট পিটিশন নং- ৫২১৮/২০০৯'),(58,'বিসিআইসি','উচ্চ আদালত','হাইকোর্ট বিভাগ','রিট পিটিশন','১৩২৯','২০০৯','0000-00-00','৫৭ বছর বয়স পূর্তিতে চাকরি হতে অবসর প্রদানের বিষয় দায়েরকৃত মামলা			','মোঃ ওয়াজি উল্লাহ গং','বিসিআইসি','ব্যারিস্টার তোফায়েলুর রহমান\r\n০১৮১৯২৫৩১৫৮','0000-00-00','0000-00-00','','0000-00-00','আইনজীবী নিয়োগ, ওকালতনামা ও Parawise Comments প্রদান\r\n','','','','রিট পিটিশন নং-১৩২৯/২০০৯'),(59,'বিসিআইসি','উচ্চ আদালত','হাইকোর্ট বিভাগ','রিট পিটিশন','১৭৮২','২০০৯','0000-00-00','	৫৭ বছর বয়স পূর্তিতে চাকরি হতে অবসর প্রদানের বিষয় দায়েরকৃত মামলা	\r\n','মাহবুব আলম গং	','বিসিআইসি','ব্যারিস্টার তোফায়েলুর রহমান\r\n০১৮১৯২৫৩১৫৮','0000-00-00','0000-00-00','','0000-00-00','আইনজীবী নিয়োগ, ওকালতনামা ও Parawise Comments প্রদান','','','','রিট পিটিশন নং-১৭৮২/২০০৯'),(60,'বিসিআইসি','উচ্চ আদালত','হাইকোর্ট বিভাগ','রিট পিটিশন',' ৫২৯১','২০০৯','0000-00-00','  ৫৭ বছর বয়স পূর্তিতে চাকরি হতে অবসর প্রদানের বিষয় দায়েরকৃত মামলা			\r\n','এ কে এম আব্দুল আওয়াল','বিসিআইসি','ব্যারিস্টার তোফায়েলুর রহমান\r\n০১৮১৯২৫৩১৫৮','0000-00-00','0000-00-00','','0000-00-00','আইনজীবী নিয়োগ, ওকালতনামা ও Parawise Comments প্রদান','','','','রিট পিটিশন নং- ৫২৯১/২০০৯'),(61,'বিসিআইসি','উচ্চ আদালত','হাইকোর্ট বিভাগ','রিট পিটিশন','৫৪৫০','২০০৯','0000-00-00','৫৭ বছর বয়স পূর্তিতে চাকরি হতে অবসর প্রদানের বিষয় দায়েরকৃত মামলা			\r\n','সৈয়দ আহমেদ গং','বিসিআইসি','ব্যারিস্টার তোফায়েলুর রহমান\r\n০১৮১৯২৫৩১৫৮','0000-00-00','0000-00-00','','0000-00-00','আইনজীবী নিয়োগ, ওকালতনামা ও Parawise Comments প্রদান','','','','রিট পিটিশন নং-৫৪৫০/২০০৯'),(62,'বিসিআইসি','উচ্চ আদালত','হাইকোর্ট বিভাগ','রিট পিটিশন','  ৬৪০৯','২০০৯','0000-00-00','৫৭ বছর বয়স পূর্তিতে চাকরি হতে অবসর প্রদানের বিষয় দায়েরকৃত মামলা			\r\n','মোঃ ফয়জুল হক গং		','বিসিআইসি','ব্যারিস্টার তোফায়েলুর রহমান\r\n০১৮১৯২৫৩১৫৮','0000-00-00','0000-00-00','','0000-00-00','আইনজীবী নিয়োগ, ওকালতনামা ও Parawise Comments প্রদান','','','','রিট পিটিশন নং-  ৬৪০৯/২০০৯'),(63,'বিসিআইসি','উচ্চ আদালত','হাইকোর্ট বিভাগ','রিট পিটিশন',' ৩০৫৪','২০০৯','0000-00-00','৫৭ বছর বয়স পূর্তিতে চাকরি হতে অবসর প্রদানের বিষয় দায়েরকৃত মামলা			','মোঃ ছিদ্দিক উল্লাহ গং','বিসিআইসি','ব্যারিস্টার তোফায়েলুর রহমান\r\n০১৮১৯২৫৩১৫৮','0000-00-00','0000-00-00','','0000-00-00','আইনজীবী নিয়োগ, ওকালতনামা ও Parawise Comments প্রদান\r\n','','','','রিট পিটিশন নং- ৩০৫৪/২০০৯'),(64,'বিসিআইসি','উচ্চ আদালত','হাইকোর্ট বিভাগ','রিট পিটিশন',' ৩০৫৯','২০০৯','0000-00-00','৫৭ বছর বয়স পূর্তিতে চাকরি হতে অবসর প্রদানের বিষয় দায়েরকৃত মামলা			\r\n','মোঃ আবুল হোসেন','বিসিআইসি','ব্যারিস্টার তোফায়েলুর রহমান\r\n০১৮১৯২৫৩১৫৮','0000-00-00','0000-00-00','','0000-00-00','আইনজীবী নিয়োগ, ওকালতনামা ও Parawise Comments প্রদান','','','','রিট পিটিশন নং- ৩০৫৯/২০০৯'),(65,'বিসিআইসি','উচ্চ আদালত','হাইকোর্ট বিভাগ','রিট পিটিশন',' ৩০৫৫','২০০৯','0000-00-00','৫৭ বছর বয়স পূর্তিতে চাকরি হতে অবসর প্রদানের বিষয় দায়েরকৃত মামলা			\r\n',' মোঃ ছিদ্দিক উল্লাহ গং','বিসিআইসি','ব্যারিস্টার তোফায়েলুর রহমান\r\n০১৮১৯২৫৩১৫৮','0000-00-00','0000-00-00','','0000-00-00','আইনজীবী নিয়োগ, ওকালতনামা ও Parawise Comments প্রদান','','','','রিট পিটিশন নং- ৩০৫৫/২০০৯'),(66,'বিসিআইসি','উচ্চ আদালত','হাইকোর্ট বিভাগ','রিট পিটিশন',' ৩৮৮','২০০৯','0000-00-00','৫৭ বছর বয়স পূর্তিতে চাকরি হতে অবসর প্রদানের বিষয় দায়েরকৃত মামলা		','আব্দুল মান্নান গং	','বিসিআইসি','ব্যারিস্টার তোফায়েলুর রহমান\r\n০১৮১৯২৫৩১৫৮	','0000-00-00','0000-00-00','','0000-00-00','আইনজীবী নিয়োগ, ওকালতনামা ও Parawise Comments প্রদান\r\n','','','','রিট পিটিশন নং- ৩৮৮/২০০৯'),(67,'বিসিআইসি','উচ্চ আদালত','হাইকোর্ট বিভাগ','রিট পিটিশন',' ৩০৫৪','২০০৯','0000-00-00','৫৭ বছর বয়স পূর্তিতে চাকরি হতে অবসর প্রদানের বিষয় দায়েরকৃত মামলা		\r\n','আব্দুল মালেক	','বিসিআইসি','ব্যারিস্টার তোফায়েলুর রহমান\r\n০১৮১৯২৫৩১৫৮	','0000-00-00','0000-00-00','','0000-00-00','আইনজীবী নিয়োগ, ওকালতনামা ও Parawise Comments প্রদান','','','','রিট পিটিশন নং- ৩০৫৪/২০০৯'),(68,'বিসিআইসি','উচ্চ আদালত','হাইকোর্ট বিভাগ','রিট পিটিশন','৩৯০','২০০৯','0000-00-00','৫৭ বছর বয়স পূর্তিতে চাকরি হতে অবসর প্রদানের বিষয় দায়েরকৃত মামলা		','আব্দুল মান্নান গং	','বিসিআইসি','ব্যারিস্টার তোফায়েলুর রহমান\r\n০১৮১৯২৫৩১৫৮	','0000-00-00','0000-00-00','','0000-00-00','আইনজীবী নিয়োগ, ওকালতনামা ও Parawise Comments প্রদান\r\n','','','','রিট পিটিশন নং-৩৯০/২০০৯'),(69,'বিসিআইসি','উচ্চ আদালত','হাইকোর্ট বিভাগ','রিট পিটিশন',' ৮৫৮০','২০০৯','0000-00-00','৫৭ বছর বয়স পূর্তিতে চাকরি হতে অবসর প্রদানের বিষয় দায়েরকৃত মামলা			\r\n','	ইমাম হোসেন	','বিসিআইসি','ব্যারিস্টার তোফায়েলুর রহমান\r\n০১৮১৯২৫৩১৫৮','0000-00-00','0000-00-00','','0000-00-00','আইনজীবী নিয়োগ, ওকালতনামা ও Parawise Comments প্রদান','','','','রিট পিটিশন নং- ৮৫৮০/২০০৯'),(70,'বিসিআইসি','উচ্চ আদালত','হাইকোর্ট বিভাগ','রিট পিটিশন',' ৭৯৩০','২০০৯','0000-00-00','৫৭ বছর বয়স পূর্তিতে চাকরি হতে অবসর প্রদানের বিষয় দায়েরকৃত মামলা			\r\n','মোঃ শফিউল্লাহ','বিসিআইসি','ব্যারিস্টার তোফায়েলুর রহমান\r\n০১৮১৯২৫৩১৫৮','0000-00-00','0000-00-00','','0000-00-00','আইনজীবী নিয়োগ, ওকালতনামা ও Parawise Comments প্রদান','','','','রিট পিটিশন নং- ৭৯৩০/২০০৯'),(71,'বিসিআইসি','উচ্চ আদালত','হাইকোর্ট বিভাগ','রিট পিটিশন','০৮','২০১০','0000-00-00','ছাতক সিমেন্টর শ্রমিক এর বরখাস্তাদেশের বিরুদ্ধে সংক্ষুব্ধ হয়ে মামলা			',' আবু  মোঃ মেলিম','বিসিআইসি','এ্যাডঃ খোরশেদ আলম','0000-00-00','0000-00-00','','0000-00-00','আইনজীবী নিয়োগ, ওকালতনামা ও Parawise Comments প্রদান','','','','রিট পিটিশন নং-০৮/২০১০'),(72,'বিসিআইসি','উচ্চ আদালত','হাইকোর্ট বিভাগ','রিট পিটিশন',' ২৯০৮','২০১০','0000-00-00','ছাতক সিমেন্টর শ্রমিক এর বরখাস্তাদেশের বিরুদ্ধে সংক্ষুব্ধ হয়ে মামলা	','এনামুল হক','বিসিআইসি','এ্যাডঃ খোরশেদ আলম	','0000-00-00','0000-00-00','','0000-00-00','আইনজীবী নিয়োগ, ওকালতনামা ও Parawise Comments প্রদান','','','','রিট পিটিশন নং- ২৯০৮/২০১০'),(73,'বিসিআইসি','উচ্চ আদালত','হাইকোর্ট বিভাগ','রিট পিটিশন',' ২৯১১','২০১০','0000-00-00','ছাতক সিমেন্টর শ্রমিক এর বরখাস্তাদেশের বিরুদ্ধে সংক্ষুব্ধ হয়ে মামলা			','মোঃ হুমায়ুন কবির','বিসিআইসি','এ্যাডঃ খোরশেদ আলম','0000-00-00','0000-00-00','','0000-00-00','আইনজীবী নিয়োগ, ওকালতনামা ও Parawise Comments প্রদান','','','','রিট পিটিশন নং- ২৯১১/২০১০'),(74,'বিসিআইসি','উচ্চ আদালত','হাইকোর্ট বিভাগ','রিট পিটিশন',' ৯২৫১','২০১০','0000-00-00','৫৭ বছর বয়স পূর্তিতে চাকরি হতে অবসর প্রদানের বিষয় দায়েরকৃত মামলা			\r\n','নুরুল হক','বিসিআইসি','ব্যারিস্টার তোফায়েলুর রহমান\r\n০১৮১৯২৫৩১৫৮','0000-00-00','0000-00-00','','0000-00-00','আইনজীবী নিয়োগ, ওকালতনামা ও Parawise Comments প্রদান','','','','রিট পিটিশন নং- ৯২৫১/২০১০'),(75,'বিসিআইসি','উচ্চ আদালত','হাইকোর্ট বিভাগ','রিট পিটিশন',' ১৩৩৯','২০১০','0000-00-00','দাখিলকৃত সনদপত্র অনুযায়ী অবসর প্রদান না করায় সংক্ষুব্ধ হয়ে অত্র রিট দায়ের করেন			','মোঃ ইদ্রিস মিয়া','বিসিআইসি','ব্যারিস্টার এম, এ, সামাদ\r\n০১৭১৫৯২৩২৫০','0000-00-00','0000-00-00','','0000-00-00','আইনজীবী নিয়োগ, ওকালতনামা ও Parawise Comments প্রদান\r\n','','','','রিট পিটিশন নং- ১৩৩৯/২০১০'),(76,'বিসিআইসি','উচ্চ আদালত','হাইকোর্ট বিভাগ','রিট পিটিশন',' ১৩৪০','২০১০','0000-00-00','দাখিলকৃত সনদপত্র অনুযায়ী অবসর প্রদান না করায় সংক্ষুব্ধ হয়ে অত্র রিট দায়ের করেন		\r\n','মোঃ মোস্তফা','বিসিআইসি','ব্যারিস্টার এম, এ, সামাদ\r\n০১৭১৫৯২৩২৫০','0000-00-00','0000-00-00','','0000-00-00','আইনজীবী নিয়োগ, ওকালতনামা ও Parawise Comments প্রদান','','','','রিট পিটিশন নং- ১৩৪০/২০১০'),(77,'বিসিআইসি','উচ্চ আদালত','হাইকোর্ট বিভাগ','আরবিট্রেশন এপ্লিকেশন','০২','২০১০','0000-00-00','নিরাপত্তা জামানত বাবদ ১৮৪,৩৭৫ মার্কিন ডলার বাজেয়াপ্ত করায় মামলার উদ্ভব।		','টেড্র মেট্রিকস্ লি. ','বিসিআইসি','আশরাফ উদ্দিন এন্ড এসোসিয়েটস্ ০১৭১৩৪৫২৫১৯','0000-00-00','0000-00-00','','0000-00-00','আইনজীবী নিয়োগ, ওকালতনামা ও Parawise Comments প্রদান','','','','আরবিট্রেশন এপ্লিকেশন নং-০২/২০১০'),(78,'বিসিআইসি','উচ্চ আদালত','হাইকোর্ট বিভাগ','আরবিট্রেশন এপ্লিকেশন','০৩','২০১০','0000-00-00','নিরাপত্তা জামানত বাবদ ১৯০,৬৬৫ মার্কিন ডলার বাজেয়াপ্ত করায় মামলার উদ্ভব		','টেড্র মেট্রিকস্ লি. 	','বিসিআইসি','আশরাফ উদ্দিন এন্ড এসোসিয়েটস্ ০১৭১৩৪৫২৫১৯','0000-00-00','0000-00-00','','0000-00-00','আইনজীবী নিয়োগ, ওকালতনামা ও Parawise Comments প্রদান','','','','আরবিট্রেশন এপ্লিকেশন নং-০৩/২০১০'),(79,'বিসিআইসি','উচ্চ আদালত','হাইকোর্ট বিভাগ','আরবিট্রেশন এপ্লিকেশন','০৪','২০১০','0000-00-00','নিরাপত্তা জামানত বাবদ ১৮৬,২৫০ মার্কিন ডলার বাজেয়াপ্ত করায় মামলার উদ্ভব		','টেড্র মেট্রিকস্ লি','বিসিআইসি','আশরাফ উদ্দিন এন্ড এসোসিয়েটস্ ০১৭১৩৪৫২৫১৯','0000-00-00','0000-00-00','','0000-00-00','আইনজীবী নিয়োগ, ওকালতনামা ও Parawise Comments প্রদান','','','','আরবিট্রেশন এপ্লিকেশন নং-০৪/২০১০'),(80,'বিসিআইসি','উচ্চ আদালত','হাইকোর্ট বিভাগ','আরবিট্রেশন এপ্লিকেশন','০৫','২০১০','0000-00-00','নিরাপত্তা জামানতবাবদ ১৯২,৫০০ মার্কিন ডলার বাজেয়াপ্ত করায় মামলার উদ্ভব\r\n','টেড্র মেট্রিকস্ লি.','বিসিআইসি','আশরাফ উদ্দিন এন্ড এসোসিয়েটস্ ০১৭১৩৪৫২৫১৯','0000-00-00','0000-00-00','','0000-00-00','আইনজীবী নিয়োগ, ওকালতনামা ও Parawise Comments প্রদান','','','','আরবিট্রেশন এপ্লিকেশন নং-০৫/২০১০'),(81,'বিসিআইসি','উচ্চ আদালত','হাইকোর্ট বিভাগ','আরবিট্রেশন এপ্লিকেশন','১৩','২০১০','0000-00-00','নিরাপত্তা জামানত বাবদ ৭০৪,৬০০ মার্কিন ডলার বাজেয়াপ্ত করায় মামলার উদ্ভব		\r\n','এম, রেজাউল করিম গং','বিসিআইসি	','আব্দুন নূর\r\n০১৭১২২৮৯৯৮৪','0000-00-00','0000-00-00','','0000-00-00','আইনজীবী নিয়োগ, ওকালতনামা ও Parawise Comments প্রদান','','','','আরবিট্রেশন এপ্লিকেশন নং-১৩/২০১০'),(82,'বিসিআইসি','উচ্চ আদালত','হাইকোর্ট বিভাগ','রিট পিটিশন','৭৯৬০','২০১০','0000-00-00','৫৭ বছর বয়স পূর্তিতে চাকরি হতে অবসর প্রদানের বিষয় দায়েরকৃত মামলা','মাহবুবুর রহমান	','বিসিআইসি	','ব্যারিস্টার তোফায়েলুর রহমান\r\n০১৮১৯২৫৩১৫৮','0000-00-00','0000-00-00','','0000-00-00','আইনজীবী নিয়োগ, ওকালতনামা ও Parawise Comments প্রদান\r\n','','','','রিট পিটিশন নং-৭৯৬০/২০১০'),(83,'বিসিআইসি','উচ্চ আদালত','হাইকোর্ট বিভাগ','রিট পিটিশন','৯৫৪১','২০১০','0000-00-00','৫৭ বছর বয়স পূর্তিতে চাকরি হতে অবসর প্রদানের বিষয় দায়েরকৃত মামলা		','আব্দুল হান্নান','বিসিআইসি	','ব্যারিস্টার তোফায়েলুর রহমান\r\n০১৮১৯২৫৩১৫৮','0000-00-00','0000-00-00','','0000-00-00','আইনজীবী নিয়োগ, ওকালতনামা ও Parawise Comments প্রদান\r\n','','','','রিট পিটিশন নং-৯৫৪১/২০১০'),(84,'বিসিআইসি','উচ্চ আদালত','হাইকোর্ট বিভাগ','রিট পিটিশন','৯৪৫৫','২০১০','0000-00-00','৫৭ বছর বয়স পূর্তিতে চাকরি হতে অবসর প্রদানের বিষয় দায়েরকৃত মামলা		\r\n','মোঃ  হোসেন তালুকদার','বিসিআইসি','ব্যারিস্টার তোফায়েলুর রহমান\r\n০১৮১৯২৫৩১৫৮','0000-00-00','0000-00-00','','0000-00-00','আইনজীবী নিয়োগ, ওকালতনামা ও Parawise Comments প্রদান','','','','রিট পিটিশন নং-৯৪৫৫/২০১০'),(85,'বিসিআইসি','উচ্চ আদালত','হাইকোর্ট বিভাগ','রিট পিটিশন','৫৭৮৭','২০১০','0000-00-00','৫৭ বছর বয়স পূর্তিতে চাকরি হতে অবসর প্রদানের বিষয় দায়েরকৃত মামলা		','আবুল খায়ের','বিসিআইসি','আশরাফ উদ্দিন এন্ড এসোসিয়েটস','0000-00-00','0000-00-00','','0000-00-00','আইনজীবী নিয়োগ, ওকালতনামা ও Parawise Comments প্রদান','','','','রিট পিটিশন নং-৫৭৮৭/২০১০'),(86,'বিসিআইসি','উচ্চ আদালত','হাইকোর্ট বিভাগ','এডমিলারিটি স্যুট',' ৫৪','২০১০','0000-00-00','এমভি ওশান পার্ল জাহাজের মালিক ৬,৪৭,৩০০ মার্কিন ডলার  ক্ষতিপূরণ দাবী করে বাল্ক ট্রেডের বিরুদ্ধে মামলা।  	\r\n','মার্চেন্ট হাউজ ইনকর্পোরেশন এর পক্ষে সিগমা শিপিং লাইন্স','বিসিআইসি','আব্দুন নূর\r\n০১৭১২২৮৯৯৮৪','0000-00-00','0000-00-00','','0000-00-00','আইনজীবী নিয়োগ, ওকালতনামা ও Parawise Comments প্রদান','','','','এডমিলারিটি স্যুট নং- ৫৪/২০১০'),(87,'বিসিআইসি','উচ্চ আদালত','হাইকোর্ট বিভাগ','এডমিলারিটি স্যুট','৫৯','২০১০','0000-00-00','দেশ ট্রেডিং কর্পোরেশন ৯,৩৮,৬৯,৫৯৬.৭০ টাকা দাবী করে এমভি ওশান পার্ল এর বিরুদ্ধে মামলা। \r\n','দেশ ট্রেডিং কর্পোরেশন','বিসিআইসি','আব্দুন নূর\r\n০১৭১২২৮৯৯৮৪','0000-00-00','0000-00-00','','0000-00-00','আইনজীবী নিয়োগ, ওকালতনামা ও Parawise Comments প্রদান','','','','এডমিলারিটি স্যুট নং-৫৯/২০১০'),(88,'বিসিআইসি','উচ্চ আদালত','হাইকোর্ট বিভাগ','রিট পিটিশন','৩৭৩৫','২০১০','0000-00-00','সংস্থা ক্রয় বিভাগের  কার্যাদেশ মোতাবেক মেসার্স গ্যালাক্সি ট্রেড ইন্টারন্যাশনাল যথাসময়ে রক ফসফেট সরবরাহ করতে না পারায় তাদের দাখিলকৃত ব্যাংক গ্যারান্টি বাজেয়াপ্ত করা হলে রিট পিটিশন দায়ের করে।	','মোহাম্মদ মহিউদ্দিন প্রোঃ মেসার্স গ্যালাক্সি ট্রেড ইন্টারন্যাশনাল','বিসিআইসি	','আব্দুন নূর\r\n০১৭১২২৮৯৯৮৪	','0000-00-00','0000-00-00','','0000-00-00','আইনজীবী নিয়োগ, ওকালতনামা ও Parawise Comments প্রদান','','','','রিট পিটিশন নং-৩৭৩৫/২০১০'),(89,'বিসিআইসি','উচ্চ আদালত','হাইকোর্ট বিভাগ','এডমিলারিটি স্যুট','৫৯','২০১০','0000-00-00','আমদানীকৃত ইফরিয়া সার পরিবহনের জাহাজ ভাড়া সংক্রান্ত সৃষ্ট জটিলতা হতে বাদী সংস্থাকে  বিাবাদীভুক্ত করে মামলাটি দায়ের করে।	    	','দেশ ট্রেডিং','ওসান পার্ল ও বিসিআইসি ','দি লিগ্যাল  স্যাংচুয়ারি\r\n০১৭১১৮৯৬১৩৫','0000-00-00','0000-00-00','','0000-00-00','আইনজীবী নিয়োগ, ওকালতনামা ও Parawise Comments প্রদান','','','','এডমিলারিটি স্যুট নং-৫৯/২০১০'),(90,'বিসিআইসি','উচ্চ আদালত','আপিল বিভাগ','সিভিল রিভিশন','২৯২৭','২০১০','0000-00-00','সার আমদানী সংক্রান্তে ব্যাংক গ্যারান্টি ৩০ লক্ষ টাকা বাজেয়াপ্ত করায় মামলা 		\r\n','মাহফুজা রশিদ','বিসিআইসি	','লিগ্যাল রেমিডি\r\n০১৭১১৩৩৩২২০০','0000-00-00','0000-00-00','','0000-00-00','আইনজীবী নিয়োগ, ওকালতনামা ও Parawise Comments প্রদান','','','','সিভিল রিভিশন নং-২৯২৭/২০১০'),(91,'বিসিআইসি','উচ্চ আদালত','আপিল বিভাগ','সিভিল রিভিশন','২৯২৬','২০১০','0000-00-00','সার আমদানী সংক্রান্তে ব্যাংক গ্যারান্টি ৬০ লক্ষ টাকা বাজেয়াপ্ত করায় মামলা	','মাহফুজা রশিদ','বিসিআইসি','লিগ্যাল রেমিডি\r\n০১৭১১৩৩৩২২০০	','0000-00-00','0000-00-00','','0000-00-00','আইনজীবী নিয়োগ, ওকালতনামা ও Parawise Comments প্রদান\r\n','','','','সিভিল রিভিশন নং-২৯২৬/২০১০'),(92,'বিসিআইসি','উচ্চ আদালত','হাইকোর্ট বিভাগ','এডমিলারিটি স্যুট','৫৯','২০১১','0000-00-00','আমদানীকৃত ইউরিয়া সারের জাহাজ ভাড়া সংক্রান্ত বিষয়ে জটিলতা সৃষ্ঠি হওয়ায় বাদী সংস্থাকে বিবাদীভূক্ত করে মামলাটি দায়ের করেছেন।		','এম ভি থর নেক্সাস','বিসিআইসি','আব্দুন নূর\r\n০১৭১২২৮৯৯৮৪','0000-00-00','0000-00-00','','0000-00-00','আইনজীবী নিয়োগ, ওকালতনামা ও Parawise Comments প্রদান','','','','এডমিলারিটি স্যুট নং-৫৯/২০১১'),(93,'বিসিআইসি','উচ্চ আদালত','হাইকোর্ট বিভাগ','রিট পিটিশন',' ২৯০৯','২০১১','0000-00-00','পারফরমেন্স গ্যারান্টি নগদায়ন করা হলে বাদী সংক্ষুব্ধ হয়ে উক্ত মামলাটি দায়ের করে।		','মেসার্স তাসমিয়া ট্রেডিং','বিসিআইসি	','আব্দুন নূর\r\n০১৭১২২৮৯৯৮৪','0000-00-00','0000-00-00','','0000-00-00','আইনজীবী নিয়োগ, ওকালতনামা ও Parawise Comments প্রদান\r\n','','','','রিট পিটিশন নং- ২৯০৯/২০১১'),(94,'বিসিআইসি','উচ্চ আদালত','হাইকোর্ট বিভাগ','রিট পিটিশন',' ৫১২৪','২০১১','0000-00-00','৫৭ বছর বয়স পূর্তিতে চাকরি হতে অবসর প্রদানের বিষয় দায়েরকৃত মামলা		','গোপাল চন্দ্র মালি','বিসিআইসি','ব্যারিস্টার তোফায়েলুর রহমান\r\n০১৮১৯২৫৩১৫৮','0000-00-00','0000-00-00','','0000-00-00','আইনজীবী নিয়োগ, ওকালতনামা ও Parawise Comments প্রদান\r\n','','','','রিট পিটিশন নং- ৫১২৪/২০১১'),(95,'বিসিআইসি','উচ্চ আদালত','হাইকোর্ট বিভাগ','রিট পিটিশন',' ৮২৮৩','২০১১','0000-00-00','৫৭ বছর বয়স পূর্তিতে চাকরি হতে অবসর প্রদানের বিষয় দায়েরকৃত মামলা		\r\n','এ এফ এম মওদুদুর রহমান','বিসিআইসি','ব্যারিস্টার তোফায়েলুর রহমান\r\n০১৮১৯২৫৩১৫৮','0000-00-00','0000-00-00','','0000-00-00','আইনজীবী নিয়োগ, ওকালতনামা ও Parawise Comments প্রদান','','','','রিট পিটিশন নং- ৮২৮৩/২০১১'),(96,'বিসিআইসি','উচ্চ আদালত','হাইকোর্ট বিভাগ','রিট পিটিশন','৪৪','২০১১','0000-00-00','৫৭ বছর বয়স পূর্তিতে চাকরি হতে অবসর প্রদানের বিষয় দায়েরকৃত মামলা	','শফিকুল ইসলাম		','বিসিআইসি','ব্যারিস্টার তোফায়েলুর রহমান\r\n০১৮১৯২৫৩১৫৮	','0000-00-00','0000-00-00','','0000-00-00','আইনজীবী নিয়োগ, ওকালতনামা ও Parawise Comments প্রদান\r\n','','','','রিট পিটিশন নং-৪৪/২০১১'),(97,'বিসিআইসি','উচ্চ আদালত','হাইকোর্ট বিভাগ','রিট পিটিশন','৩৯১৩','২০১১','0000-00-00','৫৭ বছর বয়স পূর্তিতে চাকরি হতে অবসর প্রদানের বিষয় দায়েরকৃত মামলা	','শুবল মালি	','বিসিআইসি','ব্যারিস্টার তোফায়েলুর রহমান\r\n০১৮১৯২৫৩১৫৮	','0000-00-00','0000-00-00','','0000-00-00','আইনজীবী নিয়োগ, ওকালতনামা ও Parawise Comments প্রদান\r\n','','','','রিট পিটিশন নং-৩৯১৩/২০১১'),(98,'বিসিআইসি','উচ্চ আদালত','হাইকোর্ট বিভাগ','রিট পিটিশন',' ৮০','২০১১','0000-00-00','৫৭ বছর বয়স পূর্তিতে চাকরি হতে অবসর প্রদানের বিষয় দায়েরকৃত মামলা	','শাহ আলম','বিসিআইসি','এ এফ কবীর এন্ড এসোসিয়েটস\r\n০১৮১৭০৫১৩৬৪	','0000-00-00','0000-00-00','','0000-00-00','আইনজীবী নিয়োগ, ওকালতনামা ও Parawise Comments প্রদান\r\n','','','','রিট পিটিশন নং- ৮০/২০১১'),(99,'বিসিআইসি','উচ্চ আদালত','হাইকোর্ট বিভাগ','রিট পিটিশন','৭৪৬৬/','২০১১','0000-00-00','৫৭ বছর বয়স পূর্তিতে চাকরি হতে অবসর প্রদানের বিষয় দায়েরকৃত মামলা	','মোঃ রফিকুল উসলাম ভূইয়া','বিসিআইসি','বি আহমেদ এন্ড কোং, এডভোকেটস\r\n০১৭১১১১৮০৭৮	','0000-00-00','0000-00-00','','0000-00-00','আইনজীবী নিয়োগ, ওকালতনামা ও Parawise Comments প্রদান\r\n','','','','রিট পিটিশন নং-৭৪৬৬//২০১১'),(100,'বিসিআইসি','উচ্চ আদালত','হাইকোর্ট বিভাগ','রিট পিটিশন','৯৩২৫','২০১১','0000-00-00','৫৭ বছর বয়স পূর্তিতে চাকরি হতে অবসর প্রদানের বিষয় দায়েরকৃত মামলা		','জাহাঙ্গীর ভূইয়া','বিসিআইসি	','ব্যারিস্টার তোফায়েলুর রহমান\r\n০১৮১৯২৫৩১৫৮','0000-00-00','0000-00-00','','0000-00-00','আইনজীবী নিয়োগ, ওকালতনামা ও Parawise Comments প্রদান\r\n','','','','রিট পিটিশন নং-৯৩২৫/২০১১'),(101,'বিসিআইসি','উচ্চ আদালত','হাইকোর্ট বিভাগ','রিট পিটিশন','৯৮৫৪','২০১১','0000-00-00','৫৭ বছর বয়স পূর্তিতে চাকরি হতে অবসর প্রদানের বিষয় দায়েরকৃত মামলা		\r\n','মোঃ আব্দুল ওয়াদুদ','বিসিআইসি','এ্যাডঃ আব্দুন নূর\r\n০১৭১২২৮৯৯৮৪','0000-00-00','0000-00-00','','0000-00-00','আইনজীবী নিয়োগ, ওকালতনামা ও Parawise Comments প্রদান','','','','রিট পিটিশন নং-৯৮৫৪/২০১১'),(102,'বিসিআইসি','উচ্চ আদালত','হাইকোর্ট বিভাগ','রিট পিটিশন','১০০৪৪','২০১১','0000-00-00','৫৭ বছর বয়স পূর্তিতে চাকরি হতে অবসর প্রদানের বিষয় দায়েরকৃত মামলা		','মোঃ নুরুর রহমান সিদ্দিক','বিসিআইসি','বি আহম্মেদ এন্ড কোংএডভোকেটস- ০১৭১১১১৮০৭৮','0000-00-00','0000-00-00','','0000-00-00','আইনজীবী নিয়োগ, ওকালতনামা ও Parawise Comments প্রদান\r\n','','','','রিট পিটিশন নং-১০০৪৪/২০১১'),(103,'বিসিআইসি','উচ্চ আদালত','হাইকোর্ট বিভাগ','রিট পিটিশন','৮২৮২','২০১১','0000-00-00','৫৭ বছর বয়স পূর্তিতে চাকরি হতে অবসর প্রদানের বিষয় দায়েরকৃত মামলা		\r\n','মোঃ আব্দুর রহমান','বিসিআইসি','বি আহম্মেদ এন্ড কোং এডভোকেটস\r\n০১৭১১১১৮০৭৮','0000-00-00','0000-00-00','','0000-00-00','আইনজীবী নিয়োগ, ওকালতনামা ও Parawise Comments প্রদান','','','','রিট পিটিশন নং-৮২৮২/২০১১'),(104,'বিসিআইসি','উচ্চ আদালত','হাইকোর্ট বিভাগ','রিট পিটিশন',' ৮০১৭','২০১১','0000-00-00','৫৭ বছর বয়স পূর্তিতে চাকরি হতে অবসর প্রদানের বিষয় দায়েরকৃত মামলা	','মোঃ ইকবাল','বিসিআইসি','লিগ্যাল রেমিডি\r\n০১৭১১৩৩৩২২০০	','0000-00-00','0000-00-00','','0000-00-00','আইনজীবী নিয়োগ, ওকালতনামা ও Parawise Comments প্রদান\r\n','','','','রিট পিটিশন নং- ৮০১৭/২০১১'),(105,'বিসিআইসি','উচ্চ আদালত','হাইকোর্ট বিভাগ','রিট পিটিশন','১০২৯','২০১১','0000-00-00','সার ডিলারশীপ সংক্রান্ত	','হাজি ফয়েজ আহমেদ','সচিব, কৃষি মন্ত্রণালয় ও অন্যান্য','ব্যারিস্টার তোফায়েলুর রহমান\r\n০১৮১৯২৫৩১৫৮	','0000-00-00','0000-00-00','','0000-00-00','আইনজীবী নিয়োগ, ওকালতনামা ও Parawise Comments প্রদান\r\n','','','','রিট পিটিশন নং-১০২৯/২০১১'),(106,'বিসিআইসি','উচ্চ আদালত','হাইকোর্ট বিভাগ','রিট পিটিশন',' ৬৬১৯','২০১১','0000-00-00','সার ডিলারশীপ সংক্রান্ত	','মেসার্স ফয়সাল ট্রেডার্স','সচিব, কৃষি মন্ত্রণালয় ও অন্যান্য','ব্যারিস্টার তোফায়েলুর রহমান\r\n০১৮১৯২৫৩১৫৮	','0000-00-00','0000-00-00','','0000-00-00','আইনজীবী নিয়োগ, ওকালতনামা ও Parawise Comments প্রদান\r\n','','','','রিট পিটিশন নং- ৬৬১৯/২০১১'),(107,'বিসিআইসি','উচ্চ আদালত','হাইকোর্ট বিভাগ','রিট পিটিশন','৬৭৮৩','২০১১','0000-00-00','সার ডিলারশীপ সংক্রান্ত	','হুমিয়ূন কবির','সচিব, কৃষি মন্ত্রণালয় ও অন্যান্য','ব্যারিস্টার তোফায়েলুর রহমান\r\n০১৮১৯২৫৩১৫৮\r\n','0000-00-00','0000-00-00','','0000-00-00','আইনজীবী নিয়োগ, ওকালতনামা ও Parawise Comments প্রদান','','','','রিট পিটিশন নং-৬৭৮৩/২০১১'),(108,'বিসিআইসি','উচ্চ আদালত','হাইকোর্ট বিভাগ','রিট পিটিশন',' ১৩৮৫','২০০৮','0000-00-00','সার ডিলারশীপ সংক্রান্ত	','মেসার্স জুলমানান ট্রেডার্স','সচিব, কৃষি মন্ত্রণালয় ও অন্যান্য','ব্যারিস্টার তোফায়েলুর রহমান\r\n০১৮১৯২৫৩১৫৮	\r\n','0000-00-00','0000-00-00','','0000-00-00','আইনজীবী নিয়োগ, ওকালতনামা ও Parawise Comments প্রদান','','','','রিট পিটিশন নং- ১৩৮৫/২০০৮'),(109,'বিসিআইসি','উচ্চ আদালত','হাইকোর্ট বিভাগ','রিট পিটিশন','৭৩৯৮','২০১১	','0000-00-00','সার ডিলারশীপ সংক্রান্ত	','সিরাজুল ইসলাম','সচিব, কৃষি মন্ত্রণালয় ও অন্যান্য','ব্যারিস্টার তোফায়েলুর রহমান\r\n০১৮১৯২৫৩১৫৮	','0000-00-00','0000-00-00','','0000-00-00','আইনজীবী নিয়োগ, ওকালতনামা ও Parawise Comments প্রদান\r\n','','','','রিট পিটিশন নং-৭৩৯৮/২০১১	'),(110,'বিসিআইসি','উচ্চ আদালত','হাইকোর্ট বিভাগ','রিট পিটিশন','  ৯৩২৫','২০১১','0000-00-00','সার ডিলারশীপ সংক্রান্ত	','জাহাঙ্গীর ভূইয়া','সচিব, কৃষি মন্ত্রণালয় ও অন্যান্য','ব্যারিস্টার তোফায়েলুর রহমান\r\n০১৮১৯২৫৩১৫৮	','0000-00-00','0000-00-00','','0000-00-00','আইনজীবী নিয়োগ, ওকালতনামা ও Parawise Comments প্রদান\r\n','','','','রিট পিটিশন নং-  ৯৩২৫/২০১১'),(111,'বিসিআইসি','উচ্চ আদালত','হাইকোর্ট বিভাগ','রিট পিটিশন',' ৬৮৭৮','২০১১','0000-00-00','সার ডিলারশীপ সংক্রান্ত	','প্রতিষ কুমার শাহা','সচিব, কৃষি মন্ত্রণালয় ও অন্যান্য','ব্যারিস্টার তোফায়েলুর রহমান\r\n০১৮১৯২৫৩১৫৮	','0000-00-00','0000-00-00','','0000-00-00','আইনজীবী নিয়োগ, ওকালতনামা ও Parawise Comments প্রদান\r\n','','','','রিট পিটিশন নং- ৬৮৭৮/২০১১'),(112,'বিসিআইসি','উচ্চ আদালত','হাইকোর্ট বিভাগ','রিট পিটিশন','৮৬২৭','২০১১','0000-00-00','সার ডিলারশীপ সংক্রান্ত	','মেসার্স এইচ.এন.এস এসোঃসচিব, কৃষি মন্ত্রণালয়','সচিব, কৃষি মন্ত্রণালয় ও অন্যান্য','ব্যারিস্টার তোফায়েলুর রহমান\r\n০১৮১৯২৫৩১৫৮	','0000-00-00','0000-00-00','','0000-00-00','আইনজীবী নিয়োগ, ওকালতনামা ও Parawise Comments প্রদান\r\n','','','','রিট পিটিশন নং-৮৬২৭/২০১১'),(113,'বিসিআইসি','উচ্চ আদালত','হাইকোর্ট বিভাগ','রিট পিটিশন',' ১০৪২৮','২০১১','0000-00-00','সার ডিলারশীপ সংক্রান্ত	','তানভীর খান','সচিব, কৃষি মন্ত্রণালয় ও অন্যান্য','ব্যারিস্টার তোফায়েলুর রহমান\r\n০১৮১৯২৫৩১৫৮	\r\n','0000-00-00','0000-00-00','','0000-00-00','আইনজীবী নিয়োগ, ওকালতনামা ও Parawise Comments প্রদান','','','','রিট পিটিশন নং- ১০৪২৮/২০১১'),(114,'বিসিআইসি','উচ্চ আদালত','হাইকোর্ট বিভাগ','রিট পিটিশন','  ১০৪২৯','২০১১','0000-00-00','সার ডিলারশীপ সংক্রান্ত	\r\n','ফজলুর রহমান','সচিব, কৃষি মন্ত্রণালয় ও অন্যান্য','ব্যারিস্টার তোফায়েলুর রহমান\r\n০১৮১৯২৫৩১৫৮	','0000-00-00','0000-00-00','','0000-00-00','আইনজীবী নিয়োগ, ওকালতনামা ও Parawise Comments প্রদান','','','','রিট পিটিশন নং-  ১০৪২৯/২০১১'),(115,'বিসিআইসি','উচ্চ আদালত','হাইকোর্ট বিভাগ','রিট পিটিশন','১০৪৩০','২০১১','0000-00-00','সার ডিলারশীপ সংক্রান্ত	','ফেরদৌস খান','সচিব, কৃষি মন্ত্রণালয় ও অন্যান্য','ব্যারিস্টার তোফায়েলুর রহমান\r\n০১৮১৯২৫৩১৫৮	\r\n','0000-00-00','0000-00-00','','0000-00-00','আইনজীবী নিয়োগ, ওকালতনামা ও Parawise Comments প্রদান','','','','রিট পিটিশন নং-১০৪৩০/২০১১'),(116,'বিসিআইসি','উচ্চ আদালত','হাইকোর্ট বিভাগ','রিট পিটিশন',' ১৫৯১','২০১২	','0000-00-00','সার ডিলারশীপ সংক্রান্ত	',' মোঃ কামাল উদ্দিন','সচিব, কৃষি মন্ত্রণালয় ও অন্যান্য','ব্যারিস্টার তোফায়েলুর রহমান\r\n০১৮১৯২৫৩১৫৮	','0000-00-00','0000-00-00','','0000-00-00','','আইনজীবী নিয়োগ, ওকালতনামা ও Parawise Comments প্রদান\r\n','','','রিট পিটিশন নং- ১৫৯১/২০১২	'),(117,'বিসিআইসি','উচ্চ আদালত','হাইকোর্ট বিভাগ','রিট পিটিশন',' ৫৬২০','২০১২','0000-00-00','সার ডিলারশীপ সংক্রান্ত	','মেসার্স বিউটি এন্টারপ্রাইজ','সচিব, কৃষি মন্ত্রণালয় ও অন্যান্য','ব্যারিস্টার তোফায়েলুর রহমান\r\n০১৮১৯২৫৩১৫৮	','0000-00-00','0000-00-00','','0000-00-00','আইনজীবী নিয়োগ, ওকালতনামা ও Parawise Comments প্রদান\r\n','','','','রিট পিটিশন নং- ৫৬২০/২০১২'),(118,'বিসিআইসি','উচ্চ আদালত','হাইকোর্ট বিভাগ','রিট পিটিশন','৭৮১২','২০১২','0000-00-00','সার ডিলারশীপ সংক্রান্ত	','আব্দুল হান্নান','সচিব, কৃষি মন্ত্রণালয় ও অন্যান্য','ব্যারিস্টার তোফায়েলুর রহমান\r\n০১৮১৯২৫৩১৫৮	','0000-00-00','0000-00-00','','0000-00-00','আইনজীবী নিয়োগ, ওকালতনামা ও Parawise Comments প্রদান\r\n','','','','রিট পিটিশন নং-৭৮১২/২০১২'),(119,'বিসিআইসি','উচ্চ আদালত','হাইকোর্ট বিভাগ','রিট পিটিশন','৯৩৪৭','২০১২	','0000-00-00','সার ডিলারশীপ সংক্রান্ত	','কোহিনূর বেগম গং','সচিব, কৃষি মন্ত্রণালয় ও অন্যান্য','ব্যারিস্টার তোফায়েলুর রহমান\r\n০১৮১৯২৫৩১৫৮	','0000-00-00','0000-00-00','','0000-00-00','আইনজীবী নিয়োগ, ওকালতনামা ও Parawise Comments প্রদান\r\n','','','','রিট পিটিশন নং-৯৩৪৭/২০১২	'),(120,'বিসিআইসি','উচ্চ আদালত','হাইকোর্ট বিভাগ','',' ১০৫৫২','২০১২','0000-00-00','সার ডিলারশীপ সংক্রান্ত	','মোঃ জসিম উদ্দিন দূয়ারী ট্রেডার্স','সচিব, কৃষি মন্ত্রণালয় ও অন্যান্য','ব্যারিস্টার তোফায়েলুর রহমান\r\n০১৮১৯২৫৩১৫৮	','0000-00-00','0000-00-00','','0000-00-00','আইনজীবী নিয়োগ, ওকালতনামা ও Parawise Comments প্রদান\r\n','','','',' নং- ১০৫৫২/২০১২'),(121,'বিসিআইসি','উচ্চ আদালত','হাইকোর্ট বিভাগ','রিট পিটিশন','৬৬৪৬','২০১২','0000-00-00','চাকরিতে স্থায়ীকরণের দাবীতে মামলা দায়ের করেন।	','পরিতোষ প্রামাণিক','বিসিআইসি','এ্যাডঃ আব্দুন নূর\r\n০১৭১২২৮৯৯৮৪	','0000-00-00','0000-00-00','','0000-00-00','আইনজীবী নিয়োগ, ওকালতনামা ও Parawise Comments প্রদান\r\n','','','','রিট পিটিশন নং-৬৬৪৬/২০১২'),(122,'বিসিআইসি','উচ্চ আদালত','হাইকোর্ট বিভাগ','রিট পিটিশন','২২৭৩','২০১২','0000-00-00','৫৭ বছর বয়স পূর্তিতে চাকরি হতে অবসর প্রদানের বিষয় দায়েরকৃত মামলা	','মোঃ আজিজুল হক প্রধান শিক্ষক (অবসরপ্রাপ্ত)','বিসিআইসি','শাহনেওয়াজ আকন্দ\r\n০১৭২৬৫০০৯২৫	','0000-00-00','0000-00-00','','0000-00-00','আইনজীবী নিয়োগ, ওকালতনামা ও Parawise Comments প্রদান\r\n','','','','রিট পিটিশন নং-২২৭৩/২০১২'),(123,'বিসিআইসি','উচ্চ আদালত','হাইকোর্ট বিভাগ','রিট পিটিশন','৮৬৩৪','২০১২','0000-00-00','চাকরির বয়স সংক্রান্ত মামলা	','মোঃ বশির আহমেদ','বিসিআইসি','ব্যারিস্টার তোফায়েলুর রহমান\r\n০১৮১৯২৫৩১৫৮	\r\n','0000-00-00','0000-00-00','','0000-00-00','আইনজীবী নিয়োগ, ওকালতনামা ও Parawise Comments প্রদান','','','','রিট পিটিশন নং-৮৬৩৪/২০১২'),(124,'বিসিআইসি','উচ্চ আদালত','হাইকোর্ট বিভাগ','রিট পিটিশন',' ৬৬৪৫','২০১২','0000-00-00','চাকরিতে স্থায়ীকরণের দাবীতে মামলা দায়ের করেন।	','আফজাল হোসেন গং','বিসিআইসি','এ্যাডঃ আব্দুন নূর\r\n০১৭১২২৮৯৯৮৪	','0000-00-00','0000-00-00','','0000-00-00','আইনজীবী নিয়োগ, ওকালতনামা ও Parawise Comments প্রদান\r\n','','','','রিট পিটিশন নং- ৬৬৪৫/২০১২'),(125,'বিসিআইসি','উচ্চ আদালত','হাইকোর্ট বিভাগ','রিট পিটিশন',' ১৬১৭২','২০১২','0000-00-00','বদলী আদেশে সংক্ষুন্ধ হয়ে মামলা দায়ের করেন	','মোঃ আব্দুল আজিজ','বিসিআইসি','আশরাফ উদ্দিন এন্ড এসোসিয়েটস\r\n০১৭১৩৪৫২৫১৯	\r\n','0000-00-00','0000-00-00','','0000-00-00','আইনজীবী নিয়োগ, ওকালতনামা ও Parawise Comments প্রদান','','','','রিট পিটিশন নং- ১৬১৭২/২০১২'),(126,'বিসিআইসি','উচ্চ আদালত','আপিল বিভাগ','সিভিল রিভিশন','২২','২০১২','0000-00-00','কোহিনূর ব্যাটারী ম্যানুঃ কোং এর চাকুরী সংক্রান্ত	','মোঃ দেলোয়ার হোসেন','বিসিআইসি	','ব্যারিস্টার তোফায়েলুর রহমান\r\n০১৮১৯২৫৩১৫৮	','0000-00-00','0000-00-00','','0000-00-00','আইনজীবী নিয়োগ ও ওকালতনামা  প্রদান করা হয়েছে।\r\n','','','','সিভিল রিভিশন নং-২২/২০১২'),(127,'বিসিআইসি','উচ্চ আদালত','হাইকোর্ট বিভাগ','রিট পিটিশন','৩২৬৮','২০১৩','0000-00-00','ঢাকা ম্যাচ এর শ্রমিক কর্তৃক চাকরিগত পাওনাদি সংক্রান্তে মামলাটি দায়ের করা হয়।	','আব্দুল মান্নান','বিসিআইসি	','লিগ্যাল স্যাংচুয়ারী\r\n০১৭৩২৬৪২৩১৫	\r\n','0000-00-00','0000-00-00','','0000-00-00','আইনজীবী নিয়োগ, ওকালতনামা ও Parawise Comments প্রদান','','','','রিট পিটিশন নং-৩২৬৮/২০১৩'),(128,'বিসিআইসি','উচ্চ আদালত','হাইকোর্ট বিভাগ','রিট পিটিশন','৬৫৩৩','২০১৩','0000-00-00','কর্তৃপক্ষের পে  অফ আদেশে সংক্ষুব্ধ হয়ে অত্র রিট দায়ের করে।	','নজরুল ইসলাম','বিসিআইসি','আশরাফ উদ্দিন এন্ড এসোসিয়েটস\r\n০১৭১৩৪৫২৫১৯	','0000-00-00','0000-00-00','','0000-00-00','আইনজীবী নিয়োগ, ওকালতনামা ও Parawise Comments প্রদান\r\n','','','','রিট পিটিশন নং-৬৫৩৩/২০১৩'),(129,'বিসিআইসি','উচ্চ আদালত','হাইকোর্ট বিভাগ','রিট পিটিশন','৫৮০৬','২০১৩','0000-00-00','	কর্তৃপক্ষের পে  অফ আদেশে সংক্ষুব্ধ হয়ে অত্র রিট দায়ের করে।	','সতেন্দ্র নাথ দে','বিসিআইসি','বি আহম্মেদ এন্ড কোং\r\n০১৮১১৯০৯০৯০	','0000-00-00','0000-00-00','','0000-00-00','আইনজীবী নিয়োগ, ওকালতনামা ও Parawise Comments প্রদান\r\n','','','','রিট পিটিশন নং-৫৮০৬/২০১৩'),(130,'বিসিআইসি','উচ্চ আদালত','হাইকোর্ট বিভাগ','রিট পিটিশন','১০২৬৭','২০১৩','0000-00-00','মুক্তিযোদ্ধা হিসেবে ৬০ বছর বয়স পর্যন্ত চাকরিকাল দাবী করে মামলা	','মোঃ আব্দুস সালাম','বিসিআইসি','লিগ্যাল রেমিডি\r\n০১৭১১৩৩৩২২০০	','0000-00-00','0000-00-00','','0000-00-00','আইনজীবী নিয়োগ, ওকালতনামা ও Parawise Comments প্রদান\r\n','','','','রিট পিটিশন নং-১০২৬৭/২০১৩'),(131,'বিসিআইসি','উচ্চ আদালত','হাইকোর্ট বিভাগ','রিট পিটিশন','১২৫৮১','২০১৩','0000-00-00','মুক্তিযোদ্ধা হিসেবে ৬০ বছর বয়স পর্যন্ত চাকরিকাল দাবী করে মামলা	','মোঃ তোফাজ্জল হোসেন','বিসিআইসি','ব্যারিস্টার তোফায়েলুর রহমান\r\n০১৮১৯২৫৩১৫৮	\r\n','0000-00-00','0000-00-00','','0000-00-00','আইনজীবী নিয়োগ, ওকালতনামা ও Parawise Comments প্রদান','','','','রিট পিটিশন নং-১২৫৮১/২০১৩'),(132,'বিসিআইসি','উচ্চ আদালত','হাইকোর্ট বিভাগ','রিট পিটিশন','২৯৫০','২০১৩','0000-00-00','সার ডিলারশীপ সংক্রান্ত	','সাইফুল ইসলাম','সচিব, কৃষি মন্ত্রণালয় ও অন্যান্য','ব্যারিস্টার তোফায়েলুর রহমান\r\n০১৮১৯২৫৩১৫৮	','0000-00-00','0000-00-00','','0000-00-00','আইনজীবী নিয়োগ, ওকালতনামা ও Parawise Comments প্রদান\r\n','','','','রিট পিটিশন নং-২৯৫০/২০১৩'),(133,'বিসিআইসি','উচ্চ আদালত','হাইকোর্ট বিভাগ','রিট পিটিশন','৬৩৬৪','২০১৩','0000-00-00','সার ডিলারশীপ সংক্রান্ত	','মিরাজ উদ্দিন','সচিব, কৃষি মন্ত্রণালয় ও অন্যান্য','ব্যারিস্টার তোফায়েলুর রহমান\r\n০১৮১৯২৫৩১৫৮	\r\n','0000-00-00','0000-00-00','','0000-00-00','আইনজীবী নিয়োগ, ওকালতনামা ও Parawise Comments প্রদান	বিচারাধীন','','','','রিট পিটিশন নং-৬৩৬৪/২০১৩'),(134,'বিসিআইসি','উচ্চ আদালত','হাইকোর্ট বিভাগ','রিট পিটিশন',' ৮৬৫০','২০১৩	','0000-00-00','সার ডিলারশীপ সংক্রান্ত	','মেসার্স আর কে ট্রেডার্স','সচিব, কৃষি মন্ত্রণালয় ও অন্যান্য','ব্যারিস্টার তোফায়েলুর রহমান\r\n০১৮১৯২৫৩১৫৮	\r\n','0000-00-00','0000-00-00','','0000-00-00','আইনজীবী নিয়োগ, ওকালতনামা ও Parawise Comments প্রদান','','','','রিট পিটিশন নং- ৮৬৫০/২০১৩	'),(135,'বিসিআইসি','উচ্চ আদালত','হাইকোর্ট বিভাগ','রিট পিটিশন',' ১০৭৬৪','২০১৩	','0000-00-00','সার ডিলারশীপ সংক্রান্ত	','আলাউদ্দিন ট্রডার্স','সচিব, কৃষি মন্ত্রণালয় ও অন্যান্য','ব্যারিস্টার তোফায়েলুর রহমান\r\n০১৮১৯২৫৩১৫৮	','0000-00-00','0000-00-00','','0000-00-00','আইনজীবী নিয়োগ, ওকালতনামা ও Parawise Comments প্রদান\r\n','','','','রিট পিটিশন নং- ১০৭৬৪/২০১৩	'),(136,'বিসিআইসি','উচ্চ আদালত','হাইকোর্ট বিভাগ','রিট পিটিশন',' ১১১৩৪','২০১৩','0000-00-00','সার ডিলারশীপ সংক্রান্ত	\r\n','মেসার্স এম এস ট্রেডার্স','সচিব, কৃষি মন্ত্রণালয় ও অন্যান্য','ব্যারিস্টার তোফায়েলুর রহমান\r\n০১৮১৯২৫৩১৫৮	','0000-00-00','0000-00-00','','0000-00-00','আইনজীবী নিয়োগ, ওকালতনামা ও Parawise Comments প্রদান','','','','রিট পিটিশন নং- ১১১৩৪/২০১৩'),(137,'বিসিআইসি','উচ্চ আদালত','হাইকোর্ট বিভাগ','রিট পিটিশন',' ১০৮৪০','২০১৩','0000-00-00','সার ডিলারশীপ সংক্রান্ত	','মেসার্স মুকুন্দ সীড ফার্ম','সচিব, কৃষি মন্ত্রণালয় ও অন্যান্য','ব্যারিস্টার তোফায়েলুর রহমান\r\n০১৮১৯২৫৩১৫৮	\r\n','0000-00-00','0000-00-00','','0000-00-00','আইনজীবী নিয়োগ, ওকালতনামা ও Parawise Comments প্রদান','','','','রিট পিটিশন নং- ১০৮৪০/২০১৩'),(138,'বিসিআইসি','উচ্চ আদালত','হাইকোর্ট বিভাগ','রিট পিটিশন','১০৮৪০','২০১৩','0000-00-00','মেসার্স মুকুন্দ সীড ফার্ম	সচিব, কৃষি মন্ত্রণালয়	সার ডিলারশীপ সংক্রান্ত	ব্যারিস্টার তোফায়েলুর রহমান\r\n০১৮১৯২৫৩১৫৮	আইনজীবী নিয়োগ, ওকালতনামা ও Parawise Comments প্রদান\r\n','মেসার্স মুকুন্দ সীড ফার্ম','সচিব, কৃষি মন্ত্রণালয় ও অন্যান্য','','0000-00-00','0000-00-00','','0000-00-00','','','','','রিট পিটিশন নং-১০৮৪০/২০১৩'),(139,'বিসিআইসি','উচ্চ আদালত','হাইকোর্ট বিভাগ','রিট পিটিশন',' ৯২১৭','২০১৪','0000-00-00','পিআরএল বাতিলপূর্বক\r\nচাকরিতে পুনর্বহাল সংক্রান্ত	','মোঃ আব্দুল বাসিত','বিসিআইসি','ব্যারিস্টার তোফায়েলুর রহমান\r\n০১৮১৯২৫৩১৫৮	','0000-00-00','0000-00-00','','0000-00-00','আইনজীবী নিয়োগ, ওকালতনামা ও Parawise Comments প্রদান\r\n','','','','রিট পিটিশন নং- ৯২১৭/২০১৪'),(140,'বিসিআইসি','উচ্চ আদালত','হাইকোর্ট বিভাগ','রিট পিটিশন',' ১০৪৬৬','২০১৪','0000-00-00','প্রি শীপমেন্ট ইন্সপেকশন পিএসআই এজেন্ট নিয়োগের টেন্ডার সংক্রান্ত	','কন্টিনেন্টাল ইন্সপেকশন কোম্পানী (বিডি) লি','বিসিআইসি','আব্দুন নূর\r\n০১৭১২২৮৯৯৮৪	','0000-00-00','0000-00-00','','0000-00-00','আইনজীবী নিয়োগ, ওকালতনামা ও Parawise Comments প্রদান\r\n','','','','রিট পিটিশন নং- ১০৪৬৬/২০১৪'),(141,'বিসিআইসি','উচ্চ আদালত','হাইকোর্ট বিভাগ','এডমিলারিটি স্যুট',' ৪০','২০১৪','0000-00-00','আমদানীকৃত ইউরিয়া সার বহনকারী জাহাজের ভাড়া চার্টার্ড পার্টি সাগর শীপ কর্তৃক পরিশোধ না করায় ক্ষুব্ধ হয়ে মামলা।	','মিলিমাস শিপিং, লেবানন','বিসিআইসি','আব্দুন নূর\r\n০১৭১২২৮৯৯৮৪	\r\n','0000-00-00','0000-00-00','','0000-00-00','আইনজীবী নিয়োগ, ওকালতনামা ও Parawise Comments প্রদান','','','','এডমিলারিটি স্যুট নং- ৪০/২০১৪'),(142,'বিসিআইসি','উচ্চ আদালত','হাইকোর্ট বিভাগ','এডমিলারিটি স্যুট','৪০','২০১৪	','0000-00-00','আমদানীকৃত ইউরিয়া সার পরিবহনে জাহাজ ভাড়া সংক্রান্ত সৃষ্ট জটিলতায় বাদী  মামলাটি দায়ের করেন।	','মিলিমাস শিপিং এস.এ','বিসিআইসি','আব্দুন নূর\r\n০১৭১২২৮৯৯৮৪	','0000-00-00','0000-00-00','','0000-00-00','আইনজীবী নিয়োগ, ওকালতনামা ও Parawise Comments প্রদান\r\n','','','','এডমিলারিটি স্যুট নং-৪০/২০১৪	'),(143,'বিসিআইসি','উচ্চ আদালত','হাইকোর্ট বিভাগ','এডমিলারিটি স্যুট','৪৭','২০১৪','0000-00-00','বকেয়া ফ্রেইট বাবদ ১,৫৩৩,২৩১.০৩ মার্কিন ডলার দাবী করে মামলা।	','মেসার্স কার্জিয়াস এন্ড ট্রেডিং এস, এ,৮০, ব্রোড স্টিট, মোনরোভিয়া লাইবেরিয়া','বিসিআইসি','এম এ সামাদ\r\n০১৭১৫৯২৩২৫০	\r\n','0000-00-00','0000-00-00','','0000-00-00','আইনজীবী নিয়োগ, ওকালতনামা ও Parawise Comments প্রদান','','','','এডমিলারিটি স্যুট নং-৪৭/২০১৪'),(144,'বিসিআইসি','উচ্চ আদালত','হাইকোর্ট বিভাগ','রিট পিটিশন',' ২২৮৩','২০১৪','0000-00-00','সার ডিলারশীপ সংক্রান্ত	','এস এম মোফাজ্জল হোসেন','সচিব, কৃষি মন্ত্রণালয় ও অন্যান্য','ব্যারিস্টার তোফায়েলুর রহমান\r\n০১৮১৯২৫৩১৫৮	','0000-00-00','0000-00-00','','0000-00-00','আইনজীবী নিয়োগ, ওকালতনামা ও Parawise Comments প্রদান\r\n','','','','রিট পিটিশন নং- ২২৮৩/২০১৪'),(145,'বিসিআইসি','উচ্চ আদালত','হাইকোর্ট বিভাগ','রিট পিটিশন',' ১১০৩০','২০১৪','0000-00-00','সার ডিলারশীপ সংক্রান্ত	','ফিরোজ উদ্দিন','সচিব, কৃষি মন্ত্রণালয় ও অন্যান্য','ব্যারিস্টার তোফায়েলুর রহমান\r\n০১৮১৯২৫৩১৫৮	','0000-00-00','0000-00-00','','0000-00-00','আইনজীবী নিয়োগ, ওকালতনামা ও Parawise Comments প্রদান\r\n','','','','রিট পিটিশন নং- ১১০৩০/২০১৪'),(146,'বিসিআইসি','উচ্চ আদালত','হাইকোর্ট বিভাগ','রিট পিটিশন',' ১০১৭৭','২০১৪','0000-00-00','সার ডিলারশীপ সংক্রান্ত	','মাজহারুল ইসলাম','সচিব, কৃষি মন্ত্রণালয় ও অন্যান্য','ব্যারিস্টার তোফায়েলুর রহমান\r\n০১৮১৯২৫৩১৫৮	','0000-00-00','0000-00-00','','0000-00-00','আইনজীবী নিয়োগ, ওকালতনামা ও Parawise Comments প্রদান\r\n','','','','রিট পিটিশন নং- ১০১৭৭/২০১৪'),(147,'বিসিআইসি','উচ্চ আদালত','হাইকোর্ট বিভাগ','রিট পিটিশন','৭৯১৭','২০১৪','0000-00-00','সার ডিলারশীপ সংক্রান্ত	\r\n','আনসার আলী','সচিব, কৃষি মন্ত্রণালয় ও অন্যান্য','ব্যারিস্টার তোফায়েলুর রহমান\r\n০১৮১৯২৫৩১৫৮	','0000-00-00','0000-00-00','','0000-00-00','আইনজীবী নিয়োগ, ওকালতনামা ও Parawise Comments প্রদান','','','','রিট পিটিশন নং-৭৯১৭/২০১৪'),(148,'বিসিআইসি','উচ্চ আদালত','হাইকোর্ট বিভাগ','ফার্স্ট আপীল','৪৬৩','২০১৪','0000-00-00','সার কম থাকায় ৩,৪৩,৫৬৯.০০/   টাকা বীমা দাবী করে মামলা।\r\n','সাধারণ বীমা কর্পোরেশন','বিসিআইসি','লিগ্যাল রেমিডি\r\n০১৭১১৩৩৩২২০০	','0000-00-00','0000-00-00','','0000-00-00','আইনজীবী নিয়োগ, ওকালতনামা ও Parawise Comments প্রদান','','','','ফার্স্ট আপীল নং-৪৬৩/২০১৪'),(149,'বিসিআইসি','উচ্চ আদালত','হাইকোর্ট বিভাগ','রিট পিটিশন','১২৬৪১','২০১৫','0000-00-00','কর্তৃপক্ষের পে  অফ আদেশে সংক্ষুব্ধ হয়ে অত্র রিট দায়ের করে।	','জালাল আহমেদ গং','বিসিআইসি','লিগ্যাল স্যাংচুয়ারী\r\n০১৭৩২৬৪২৩১৫	','0000-00-00','0000-00-00','','0000-00-00','আইনজীবী নিয়োগ, ওকালতনামা ও Parawise Comments প্রদান\r\n','','','','রিট পিটিশন নং-১২৬৪১/২০১৫'),(150,'বিসিআইসি','উচ্চ আদালত','হাইকোর্ট বিভাগ','রিট পিটিশন','১২০৮৮','২০১৪','0000-00-00',' সার ডিলারশীপ সংক্রান্ত	\r\n','এম এ মালেক','সচিব, কৃষি মন্ত্রণালয় ও অন্যান্য','এস এম সাখাওয়াত হোসেন\r\n০১৭৪১১৬৪৫১১	','0000-00-00','0000-00-00','','0000-00-00','আইনজীবী নিয়োগ, ওকালতনামা ও Parawise Comments প্রদান','','','','রিট পিটিশন নং-১২০৮৮/২০১৪'),(151,'বিসিআইসি','উচ্চ আদালত','হাইকোর্ট বিভাগ','রিট পিটিশন',' ৪০২৭','২০১৫','0000-00-00','আমদানিকৃত সার জাহাজে লোড করার পূর্বে পি এস আই এজেন্ট দ্বারা সারের গুণাগুণ যাচাইয়ের আর্জি জানিয়ে মামলা	','ব্যান্ডউইন ট্রেডিং কর্পোরেশন','বিসিআইসি','আব্দুন নূর\r\n০১৭১২২৮৯৯৮৪	','0000-00-00','0000-00-00','','0000-00-00','আইনজীবী নিয়োগ, ওকালতনামা ও Parawise Comments প্রদান\r\n','','','','রিট পিটিশন নং- ৪০২৭/২০১৫'),(152,'বিসিআইসি','উচ্চ আদালত','হাইকোর্ট বিভাগ','এডমিলারিটি স্যুট','৫৪','২০১৫','0000-00-00','আমাদানীকৃত ইউরিয়া সারের জাহাজ ভাড়া সংক্রান্ত সৃষ্ট জটিলতায় বাদী মামলাটি দায়ের করেন।	    ','প্লাটিনাম বালকার্স','বিসিআইসি','দি লিগ্যাল স্যাংচুয়ারি\r\n০১৭১১৮৯৬১৩৫	','0000-00-00','0000-00-00','','0000-00-00','আইনজীবী নিয়োগ, ওকালতনামা ও Parawise Comments প্রদান\r\n','','','','এডমিলারিটি স্যুট নং-৫৪/২০১৫'),(153,'বিসিআইসি','উচ্চ আদালত','হাইকোর্ট বিভাগ','রিট পিটিশন','১৭৭৯','২০১৫','0000-00-00',' সার ডিলারশীপ সংক্রান্ত	    ','হালিমা বেগম','সচিব, কৃষি মন্ত্রণালয় ও অন্যান্য',' দি লিগ্যাল স্যাংচুয়ারি\r\n   ০১৭১১৮৯৬১৩৫	','0000-00-00','0000-00-00','','0000-00-00','আইনজীবী নিয়োগ, ওকালতনামা ও Parawise Comments প্রদান\r\n','','','','রিট পিটিশন নং-১৭৭৯/২০১৫'),(154,'বিসিআইসি','উচ্চ আদালত','হাইকোর্ট বিভাগ','রিট পিটিশন',' ১০৭১','২০১৫','0000-00-00','সার ডিলারশীপ সংক্রান্ত	','আবুল হাসান','সচিব, কৃষি মন্ত্রণালয় ও অন্যান্য','লিগ্যাল রেমিডি\r\n০১৭১১৩৩৩২২০০	','0000-00-00','0000-00-00','','0000-00-00','আইনজীবী নিয়োগ, ওকালতনামা ও Parawise Comments প্রদান\r\n','','','','রিট পিটিশন নং- ১০৭১/২০১৫'),(155,'বিসিআইসি','উচ্চ আদালত','হাইকোর্ট বিভাগ','রিট পিটিশন','  ৬৫০','২০১৫','0000-00-00','সার ডিলারশীপ সংক্রান্ত	','অনাথ চন্দ্র রায়','সচিব, কৃষি মন্ত্রণালয় ও অন্যান্য','বি আহম্মেদ এন্ড কোং\r\n০১৮১১৯০৯০৯০	','0000-00-00','0000-00-00','','0000-00-00','আইনজীবী নিয়োগ, ওকালতনামা ও Parawise Comments প্রদান\r\n','','','','রিট পিটিশন নং-  ৬৫০/২০১৫'),(156,'বিসিআইসি','উচ্চ আদালত','হাইকোর্ট বিভাগ','রিট পিটিশন','২১৫','২০১৫','0000-00-00','সার ডিলারশীপ সংক্রান্ত	','রফিক এন্টারপ্রাইজ	','সচিব, কৃষি মন্ত্রণালয় ও অন্যান্য','এস, এম সাখাওয়াত হোসেন\r\n০১৭৪১১৬৪৫১১	','0000-00-00','0000-00-00','','0000-00-00','আইনজীবী নিয়োগ, ওকালতনামা ও Parawise Comments প্রদান\r\n','','','','রিট পিটিশন নং-২১৫/২০১৫'),(157,'বিসিআইসি','উচ্চ আদালত','হাইকোর্ট বিভাগ','রিট পিটিশন','৫১০২','২০১৫','0000-00-00','সার ডিলারশীপ সংক্রান্ত	','শামছুদ্দিন মিয়া','সচিব, কৃষি মন্ত্রণালয় ও অন্যান্য','বি আহম্মেদ এন্ড কোং\r\n০১৮১১৯০৯০৯০	','0000-00-00','0000-00-00','','0000-00-00','আইনজীবী নিয়োগ, ওকালতনামা ও Parawise Comments প্রদান\r\n','','','','রিট পিটিশন নং-৫১০২/২০১৫'),(158,'বিসিআইসি','উচ্চ আদালত','হাইকোর্ট বিভাগ','রিট পিটিশন','৪৯৮৬','২০১৫	','0000-00-00','সার ডিলারশীপ সংক্রান্ত	',' যুগলা ট্রেডার্স','সচিব, কৃষি মন্ত্রণালয় ও অন্যান্য','বি আহম্মেদ এন্ড কোং\r\n০১৮১১৯০৯০৯০	','0000-00-00','0000-00-00','','0000-00-00','আইনজীবী নিয়োগ, ওকালতনামা ও Parawise Comments প্রদান\r\n','','','','রিট পিটিশন নং-৪৯৮৬/২০১৫	'),(159,'বিসিআইসি','উচ্চ আদালত','হাইকোর্ট বিভাগ','রিট পিটিশন','৬৩১৬','২০১৫','0000-00-00','সার ডিলারশীপ সংক্রান্ত	   ','আব্দুস সাত্তার','সচিব, কৃষি মন্ত্রণালয় ও অন্যান্য','  দি লিগ্যাল স্যাংচুয়ারি\r\n   ০১৭১১৮৯৬১৩৫','0000-00-00','0000-00-00','','0000-00-00','	আইনজীবী নিয়োগ, ওকালতনামা ও Parawise Comments প্রদান\r\n','','','','রিট পিটিশন নং-৬৩১৬/২০১৫'),(160,'বিসিআইসি','উচ্চ আদালত','হাইকোর্ট বিভাগ','রিট পিটিশন',' ৩৯৩৫','২০১৫','0000-00-00','সার ডিলারশীপ সংক্রান্ত','বোগদাদিয়া ট্রেডার্স	','সচিব, কৃষি মন্ত্রণালয় ও অন্যান্য','এস, এম সাখাওয়াত হোসেন\r\n০১৭৪১১৬৪৫১১	','0000-00-00','0000-00-00','','0000-00-00','আইনজীবী নিয়োগ, ওকালতনামা ও Parawise Comments প্রদান\r\n','','','','রিট পিটিশন নং- ৩৯৩৫/২০১৫'),(161,'বিসিআইসি','উচ্চ আদালত','হাইকোর্ট বিভাগ','রিট পিটিশন','৪৩৮৪','২০১৫','0000-00-00','সার ডিলারশীপ সংক্রান্ত	','বাচ্চু মিয়া','সচিব, কৃষি মন্ত্রণালয় ও অন্যান্য','সৈয়দ কামরুল হোসাইন\r\n০১৭১১২৪৭৮১৬	','0000-00-00','0000-00-00','','0000-00-00','আইনজীবী নিয়োগ, ওকালতনামা ও Parawise Comments প্রদান\r\n','','','','রিট পিটিশন নং-৪৩৮৪/২০১৫'),(162,'বিসিআইসি','উচ্চ আদালত','হাইকোর্ট বিভাগ','রিট পিটিশন',' ৮৪৮২','২০১৫','0000-00-00','সার ডিলারশীপ সংক্রান্ত	','জয়ন্ত দত্ত','সচিব, কৃষি মন্ত্রণালয় ও অন্যান্য','বি আহম্মেদ এন্ড কোং\r\n০১৮১১৯০৯০৯০	','0000-00-00','0000-00-00','','0000-00-00','আইনজীবী নিয়োগ, ওকালতনামা ও Parawise Comments প্রদান\r\n','','','','রিট পিটিশন নং- ৮৪৮২/২০১৫'),(163,'বিসিআইসি','উচ্চ আদালত','হাইকোর্ট বিভাগ','রিট পিটিশন','  ৮৯৭৯','২০১৫	','0000-00-00','সার ডিলারশীপ সংক্রান্ত	','এমএফএইচ','সচিব, কৃষি মন্ত্রণালয় ও অন্যান্য','বি আহম্মেদ এন্ড কোং\r\n০১৮১১৯০৯০৯০	','0000-00-00','0000-00-00','','0000-00-00','আইনজীবী নিয়োগ, ওকালতনামা ও Parawise Comments প্রদান\r\n','','','','রিট পিটিশন নং-  ৮৯৭৯/২০১৫	'),(164,'বিসিআইসি','উচ্চ আদালত','হাইকোর্ট বিভাগ','রিট পিটিশন','১১৬৬৭','২০১৫','0000-00-00','সার ডিলারশীপ সংক্রান্ত	','আবু মুসা','সচিব, কৃষি মন্ত্রণালয় ও অন্যান্য','সৈয়দ কামরুল হোসাইন\r\n০১৭১১২৪৭৮১৬	','0000-00-00','0000-00-00','','0000-00-00','আইনজীবী নিয়োগ, ওকালতনামা ও Parawise Comments প্রদান\r\n','','','','রিট পিটিশন নং-১১৬৬৭/২০১৫'),(165,'বিসিআইসি','উচ্চ আদালত','হাইকোর্ট বিভাগ','রিট পিটিশন','১৩৬৯০','২০১৫	','0000-00-00','সার ডিলারশীপ সংক্রান্ত	','মাহফুজুর রহমান','সচিব, কৃষি মন্ত্রণালয় ও অন্যান্য','বি আহম্মেদ এন্ড কোং\r\n০১৮১১৯০৯০৯০	','0000-00-00','0000-00-00','','0000-00-00','আইনজীবী নিয়োগ, ওকালতনামা ও Parawise Comments প্রদান\r\n','','','','রিট পিটিশন নং-১৩৬৯০/২০১৫	'),(166,'বিসিআইসি','উচ্চ আদালত','হাইকোর্ট বিভাগ','রিট পিটিশন','১১৮১৭','২০১৫','0000-00-00','সার ডিলারশীপ সংক্রান্ত	সৈ','মির আবু আব্দুল্লাহ','সচিব, কৃষি মন্ত্রণালয় ও অন্যান্য','য়দ কামরুল হোসাইন\r\n০১৭১১২৪৭৮১৬	','0000-00-00','0000-00-00','','0000-00-00','আইনজীবী নিয়োগ, ওকালতনামা ও Parawise Comments প্রদান\r\n','','','','রিট পিটিশন নং-১১৮১৭/২০১৫'),(167,'বিসিআইসি','উচ্চ আদালত','হাইকোর্ট বিভাগ','রিট পিটিশন',' ১১৬০৭','২০১৬','0000-00-00',' সার ডিলারশীপ সংক্রান্ত	\r\n','ছাদাত হোসেন','সচিব, কৃষি মন্ত্রণালয় ও অন্যান্য','লিগ্যাল রেমিডি\r\n০১৭১১৩৩৩২২০০	','0000-00-00','0000-00-00','','0000-00-00','আইনজীবী নিয়োগ, ওকালতনামা ও Parawise Comments প্রদান','','','','রিট পিটিশন নং- ১১৬০৭/২০১৬'),(168,'বিসিআইসি','উচ্চ আদালত','হাইকোর্ট বিভাগ','রিট পিটিশন','১৩১৬৩','২০১৬','0000-00-00','সার ডিলারশীপ সংক্রান্ত','খলিলুর রহমান','সচিব, কৃষি মন্ত্রণালয় ও অন্যান্য','লিগ্যাল স্যাংচুয়ারী\r\n০১৭৩২৬৪২৩১৫	','0000-00-00','0000-00-00','','0000-00-00','আইনজীবী নিয়োগ, ওকালতনামা ও Parawise Comments প্রদান\r\n','','','','রিট পিটিশন নং-১৩১৬৩/২০১৬'),(169,'বিসিআইসি','উচ্চ আদালত','হাইকোর্ট বিভাগ','রিট পিটিশন','১৮৫৬','২০১৬','0000-00-00','সার ডিলারশীপ সংক্রান্ত','আব্দুল কুদ্দুস','সচিব, কৃষি মন্ত্রণালয় ও অন্যান্য','মোঃ বদরুদ্দোজা\r\n ০১৭১১৫৪০০৮৪	','0000-00-00','0000-00-00','','0000-00-00','আইনজীবী নিয়োগ, ওকালতনামা ও Parawise Comments প্রদান','','','','রিট পিটিশন নং-১৮৫৬/২০১৬'),(170,'বিসিআইসি','উচ্চ আদালত','হাইকোর্ট বিভাগ','রিট পিটিশন','  ১০২৭১','২০১৬','0000-00-00','সার ডিলারশীপ সংক্রান্ত	','রেজাউল করিম','সচিব, কৃষি মন্ত্রণালয় ও অন্যান্য','বি আহম্মেদ এন্ড কোং\r\n০১৮১১৯০৯০৯০	\r\n','0000-00-00','0000-00-00','','0000-00-00','আইনজীবী নিয়োগ, ওকালতনামা ও Parawise Comments প্রদান','','','','রিট পিটিশন নং-  ১০২৭১/২০১৬'),(171,'বিসিআইসি','উচ্চ আদালত','হাইকোর্ট বিভাগ','রিট পিটিশন',' ১২৮২৬','২০১৬','0000-00-00','সার ডিলারশীপ সংক্রান্ত	','মাজহারুল ইসলাম','সচিব, কৃষি মন্ত্রণালয় ও অন্যান্য','মোঃ বদরুদ্দোজা \r\n০১৭১১৫৪০০৮৪	','0000-00-00','0000-00-00','','0000-00-00','আইনজীবী নিয়োগ, ওকালতনামা ও Parawise Comments প্রদান','','','','রিট পিটিশন নং- ১২৮২৬/২০১৬'),(172,'বিসিআইসি','উচ্চ আদালত','হাইকোর্ট বিভাগ','রিট পিটিশন','১৫৮৪০','২০১৬','0000-00-00','সার ডিলারশীপ সংক্রান্ত	','তুষার আহমেদ','সচিব, কৃষি মন্ত্রণালয় ও অন্যান্য','লিগ্যাল রেমিডি\r\n০১৭১১৩৩৩২২০০	','0000-00-00','0000-00-00','','0000-00-00','আইনজীবী নিয়োগ, ওকালতনামা ও Parawise Comments প্রদান\r\n','','','','রিট পিটিশন নং-১৫৮৪০/২০১৬'),(173,'বিসিআইসি','উচ্চ আদালত','হাইকোর্ট বিভাগ','রিট পিটিশন',' ১৮৬','২০১৬','0000-00-00','সার ডিলারশীপ সংক্রান্ত	ব্যা','আব্দুর রহিম','সচিব, কৃষি মন্ত্রণালয় ও অন্যান্য','রিস্টার তোফায়েলুর রহমান\r\n০১৮১৯২৫৩১৫৮	','0000-00-00','0000-00-00','','0000-00-00','আইনজীবী নিয়োগ, ওকালতনামা ও Parawise Comments প্রদান\r\n','','','','রিট পিটিশন নং- ১৮৬/২০১৬'),(174,'বিসিআইসি','উচ্চ আদালত','হাইকোর্ট বিভাগ','রিট পিটিশন','৬৯৪৯','২০১৬','0000-00-00','ছাতক সিমেন্ট কোঃ লিঃ এর শ্রমিক মোঃ আলীকে চিটাগাং কেমিক্যাল কমপ্লেক্স বদলী করায় তিনি মামলা দায়ের করেন	','জনাব মোঃ আলী','বিসিআইসি	','ব্যারিস্টার তোফায়েলুর রহমান\r\n০১৮১৯২৫৩১৫৮	','0000-00-00','0000-00-00','','0000-00-00','আইনজীবী নিয়োগ, ওকালতনামা ও Parawise Comments প্রদান\r\n','','','','রিট পিটিশন নং-৬৯৪৯/২০১৬'),(175,'বিসিআইসি','উচ্চ আদালত','হাইকোর্ট বিভাগ','রিট পিটিশন','৯১৭','২০১৬','0000-00-00','কর্ণফুলি রেয়ন এন্ড কেমিক্যাল (কেআরসি) এর পে  অফকৃত কর্মচারী গণকে চাকরিতে পুনর্বহাল সংক্রান্ত মামলা	','মোঃ শাহজাহান ও অন্যান্য','বিসিআইসি','ব্যারিস্টার তোফায়েলুর রহমান\r\n০১৮১৯২৫৩১৫৮	','0000-00-00','0000-00-00','','0000-00-00','আইনজীবী নিয়োগ, ওকালতনামা ও Parawise Comments প্রদান\r\n','','','','রিট পিটিশন নং-৯১৭/২০১৬'),(176,'বিসিআইসি','উচ্চ আদালত','হাইকোর্ট বিভাগ','রিট পিটিশন','৫৯১৯','২০১৬','0000-00-00','জনাব আব্দুল মালেক ও জনাব তরিকুল ইসলামকে বদলী করা হলে স্ব  স্ব বদলী আদেশের বিরুদ্ধে মামলা দায়ের করেন	\r\n','আব্দুল মালেক গং','বিসিআইসি','লিগ্যাল স্যাংচুয়ারী\r\n০১৭৩২৬৪২৩১৫	','0000-00-00','0000-00-00','','0000-00-00','আইনজীবী নিয়োগ, ওকালতনামা ও Parawise Comments প্রদান','','','','রিট পিটিশন নং-৫৯১৯/২০১৬'),(177,'বিসিআইসি','উচ্চ আদালত','হাইকোর্ট বিভাগ','রিট পিটিশন','৬৯০৪','২০১৬','0000-00-00','ছাতক সিমেন্ট কোম্পানি লিঃ এর শ্রমিক জনাব মোঃ আলীকে চিটাগাং কেমিক্যাল কমপ্লেক্স  এ বদলী করা হলে উক্ত মামলা দায়ের ক','মোঃ আলী','বিসিআইসি','রেন	ব্যারিস্টার তোফায়েলুর রহমান\r\n০১৮১৯২৫৩১৫৮	\r\n','0000-00-00','0000-00-00','','0000-00-00','আইনজীবী নিয়োগ, ওকালতনামা ও Parawise Comments প্রদান','','','','রিট পিটিশন নং-৬৯০৪/২০১৬'),(178,'বিসিআইসি','উচ্চ আদালত','হাইকোর্ট বিভাগ','রিট পিটিশন','  ৯২৩২','২০১৬','0000-00-00','মোঃ জাফর ইকবাল, সহকারী রসায়নবিদ  কে বিআইএসএফ হতে টিএসপিসিএল  এ বদলী করা হলে উক্ত মামলা দায়ের করেন	','মোঃ জাফর ইকবাল','বিসিআইসি','ব্যারিস্টার তোফায়েলুর রহমান\r\n০১৮১৯২৫৩১৫৮	\r\n','0000-00-00','0000-00-00','','0000-00-00','আইনজীবী নিয়োগ, ওকালতনামা ও Parawise Comments প্রদান','','','','রিট পিটিশন নং-  ৯২৩২/২০১৬'),(179,'বিসিআইসি','উচ্চ আদালত','হাইকোর্ট বিভাগ','রিট পিটিশন',' ৯৬৭৭','২০১৬','0000-00-00','মোঃ আশফাক সিদ্দিকী, গাড়ী চালক  কে টিআইসিই  তে  বদলী আদেশের বিরূদ্ধে সংক্ষুব্ধ হয়ে উক্ত মামলা দায়ের করেন	','মোঃ আশফাক সিদ্দিকী','বিসিআইসি','বি আহম্মেদ এন্ড কোং\r\n০১৮১১৯০৯০৯০	','0000-00-00','0000-00-00','','0000-00-00','আইনজীবী নিয়োগ, ওকালতনামা ও Parawise Comments প্রদান\r\n','','','','রিট পিটিশন নং- ৯৬৭৭/২০১৬'),(180,'বিসিআইসি','উচ্চ আদালত','আপিল বিভাগ','সিভিল রিভিশন',' ২৩৯১','২০১৬','0000-00-00','পিজি বাজেয়াপ্ত করার প্রেক্ষিতে সৃষ্ট	    ','দেশ ট্রেডিং','বিসিআইসি',' দি লিগ্যাল স্যাংচুয়ারি\r\n   	','0000-00-00','0000-00-00','','0000-00-00','আইনজীবী নিয়োগ, ওকালতনামা ও Parawise Comments প্রদান\r\n','','','','সিভিল রিভিশন নং- ২৩৯১/২০১৬'),(181,'বিসিআইসি','উচ্চ আদালত','হাইকোর্ট বিভাগ','রিট পিটিশন','১২৯৩৭','২০১৬','0000-00-00','সংস্থার অর্থ বিভাগের এমএলএসএস জনাব মোঃ মিরাজ  কে চাকরি হতে টার্মিনেট করা হলে উক্ত মামলা দায়ের করেন	','মোঃ মিরাজ','বিসিআইসি','ব্যারিস্টার এম, এ, সামাদ\r\n০১৭১৫৯২৩২৫০	','0000-00-00','0000-00-00','','0000-00-00','আইনজীবী নিয়োগ, ওকালতনামা ও Parawise Comments প্রদান\r\n','','','','রিট পিটিশন নং-১২৯৩৭/২০১৬'),(182,'বিসিআইসি','উচ্চ আদালত','হাইকোর্ট বিভাগ','রিট পিটিশন','৭৯৮৯','২০১৬','0000-00-00','আমদানীকৃত ইউরিয়া সার পরিবহনের মেসার্স শীপ ম্যানেজমেন্ট পিটিই লিঃ এর লোকাল এজেন্ট নবাব এন্ড কোং চার্টার পার্টির চুক্তির বিপরীতে সাগর শীপ কে বকেয়া ভাড়া ১০%/২০% পরিশোধ না করে নবাব এন্ড কোং কে পরিশোধ করা আর্জি জানিয়ে মামলা।	   ','নবাব এন্ড কোং','বিসিআইসি',' দি লিগ্যাল স্যাংচুয়ারি\r\n   ০১৭১১৮৯৬১৩৫	','0000-00-00','0000-00-00','','0000-00-00','আইনজীবী নিয়োগ, ওকালতনামা ও Parawise Comments প্রদান\r\n','','','','রিট পিটিশন নং-৭৯৮৯/২০১৬'),(183,'বিসিআইসি','উচ্চ আদালত','আপিল বিভাগ','সিভিল রিভিশন',' ২৩৯১','২০১৬','0000-00-00','ব্যাংক গ্যারান্টি বাবদ ৫৫৩,৯২৫ মার্কিন ডলার  বাজেয়াপ্ত করায় মামলা	    ','দেশ ট্রেডিং কর্পোরেশন','বিসিআইসি','দি লিগ্যাল  স্যাংচুয়ারি\r\n  ০১৭১১৮৯৬১৩৫','0000-00-00','0000-00-00','','0000-00-00','	আইনজীবী নিয়োগ, ওকালতনামা ও Parawise Comments প্রদান\r\n','','','','সিভিল রিভিশন নং- ২৩৯১/২০১৬'),(184,'বিসিআইসি','উচ্চ আদালত','হাইকোর্ট বিভাগ','এডমিলারিটি স্যুট','২০','২০১৬','0000-00-00','আমদানীকৃত ইউরিয়া সার এর জাহাজ ভাড়া সংক্রান্ত বিষয়ে সৃষ্ট জটিলতায় ইস্টার্ন নেভিগেশন কর্পোরেশন বাদী হয়ে সংস্থা ও অন্যান্য কে বিবাদীভুক্ত করে উক্ত মামলা দায়ের করেছে।	  ','ইস্টার্ন নেভিগেশন কর্পোরেশন','বিসিআইসি	',' দি লিগ্যাল  স্যাংচুয়ারি\r\n   ০১৭১১৮৯৬১৩৫	','0000-00-00','0000-00-00','','0000-00-00','আইনজীবী নিয়োগ, ওকালতনামা ও Parawise Comments প্রদান\r\n','','','','এডমিলারিটি স্যুট নং-২০/২০১৬'),(185,'বিসিআইসি','উচ্চ আদালত','হাইকোর্ট বিভাগ','এডমিলারিটি স্যুট','৩৯','২০১৬','0000-00-00','আমদানীকৃত ইউরিয়া সারের জাহাজ ভাড়া সংক্রান্ত বিষয়ে জঠিলতা সৃষ্ঠি হওয়ায় বাদী সংস্থাকে বিবাদীভূক্ত করে মামলাটি দায়ের করেছেন।	 ','মোঃ আনোয়ার হোসেন মজুমদার,জ্যাক শিপিং লাইন, আগ্রাবাদ, চট্টগ্রাম।','বিসিআইসি','   দি লিগ্যাল    স্যাংচুয়ারি\r\n   ০১৭১১৮৯৬১৩৫	','0000-00-00','0000-00-00','','0000-00-00','','আইনজীবী নিয়োগ, ওকালতনামা ও Parawise Comments প্রদান\r\n','','','এডমিলারিটি স্যুট নং-৩৯/২০১৬'),(186,'বিসিআইসি','উচ্চ আদালত','হাইকোর্ট বিভাগ','রিট পিটিশন','৭৯৮৯','২০১৬','0000-00-00','এনসি শিপিং, এএএ শিপিং ইন্টাঃ (প্রাঃ) লিঃ কে debar করায় মামলা	','নবাব এন্ড কোং','বিসিআইসি','এম এ সামাদ\r\n০১৭১৫৯২৩২৫০	আ','0000-00-00','0000-00-00','','0000-00-00','ইনজীবী নিয়োগ, ওকালতনামা ও Parawise Comments প্রদান\r\n','','','','রিট পিটিশন নং-৭৯৮৯/২০১৬'),(190,'বিসিআইসি','উচ্চ আদালত','হাইকোর্ট বিভাগ','রিট পিটিশন','৩৭৬৮','২০১৭','0000-00-00','চাকরি হতে অপসারণ এর বিরুদ্ধে সংক্ষুব্ধ হয়ে মামলা	','মোঃ রুমন মিয়া','বিসিআইসি','লিগ্যাল রেমিডি\r\n০১৭১১৩৩৩২২০০	','0000-00-00','0000-00-00','','0000-00-00','আইনজীবী নিয়োগ, ওকালতনামা ও Parawise Comments প্রদান\r\n','','','','রিট পিটিশন নং-৩৭৬৮/২০১৭'),(191,'বিসিআইসি','উচ্চ আদালত','হাইকোর্ট বিভাগ','রিট পিটিশন','  ১৩৪৮৫','২০১৭','0000-00-00','পদোন্নতি ও সিলেকশন গ্রেড দাবীতে মামলা	','শেখ মোহাম্মদ আলী','বিসিআইসি','সৈয়দ কামরুল হোসাইন\r\n০১৭১১২৪৭৮১৬	','0000-00-00','0000-00-00','','0000-00-00','আইনজীবী নিয়োগ, ওকালতনামা ও Parawise Comments প্রদান\r\n','','','','রিট পিটিশন নং-  ১৩৪৮৫/২০১৭'),(192,'বিসিআইসি','উচ্চ আদালত','হাইকোর্ট বিভাগ','রিট পিটিশন','১৮৭৭০','২০১৭','0000-00-00','পিআরএল দাবী সংক্রান্ত	','হাসিনা খাতুন','বিসিআইসি','মোঃ বদরুদ্দোজা ০১৭১১৫৪০০৮৪	','0000-00-00','0000-00-00','','0000-00-00','আইনজীবী নিয়োগ, ওকালতনামা ও Parawise Comments প্রদান','','','','রিট পিটিশন নং-১৮৭৭০/২০১৭'),(193,'বিসিআইসি','উচ্চ আদালত','হাইকোর্ট বিভাগ','রিট পিটিশন','১৪৩২','২০১৭	','0000-00-00','সিএনএফ এজেন্ট নিয়োগ সংক্রান্ত বিষয়ে সিপিটিইউএর আদেশের বিরুদ্ধে সংস্থা হতে উক্ত মামলা দায়ের করা হয়।	    ','সিপিটিইউ','বিসিআইসি','দি লিগ্যাল স্যাংচুয়ারি\r\n   ০১৭১১৮৯৬১৩৫	','0000-00-00','0000-00-00','','0000-00-00','আইনজীবী নিয়োগ, ওকালতনামা ও Parawise Comments প্রদান\r\n','','','','রিট পিটিশন নং-১৪৩২/২০১৭	'),(194,'বিসিআইসি','উচ্চ আদালত','হাইকোর্ট বিভাগ','রিট পিটিশন',' ১৬০৪০','২০১৭','0000-00-00','সার ডিলারশীপ সংক্রান্ত		','মফিজুর রহমান','বিসিআইসি','লিগ্যাল রেমিডি\r\n০১৭১১৩৩৩২২০০','0000-00-00','0000-00-00','','0000-00-00','আইনজীবী নিয়োগ, ওকালতনামা ও Parawise Comments প্রদান\r\n','','','','রিট পিটিশন নং- ১৬০৪০/২০১৭'),(195,'বিসিআইসি','উচ্চ আদালত','হাইকোর্ট বিভাগ','রিট পিটিশন',' ২৯১৯','২০১৭','0000-00-00','সার ডিলারশীপ সংক্রান্ত	','শুকুমার রায়','বিসিআইসি','লিগ্যাল রেমিডি\r\n০১৭১১৩৩৩২২০০	','0000-00-00','0000-00-00','','0000-00-00','আইনজীবী নিয়োগ, ওকালতনামা ও Parawise Comments প্রদান\r\n','','','','রিট পিটিশন নং- ২৯১৯/২০১৭'),(196,'বিসিআইসি','উচ্চ আদালত','হাইকোর্ট বিভাগ','রিট পিটিশন',' ৯১৯','২০১৭','0000-00-00','সার ডিলারশীপ সংক্রান্ত	    ','জসিমুদ্দিন খান','বিসিআইসি','দি লিগ্যাল   স্যাংচুয়ারি\r\n  ০১৭১১৮৯৬১৩৫	','0000-00-00','0000-00-00','','0000-00-00','আইনজীবী নিয়োগ, ওকালতনামা ও Parawise Comments প্রদান\r\n','','','','রিট পিটিশন নং- ৯১৯/২০১৭'),(197,'বিসিআইসি','উচ্চ আদালত','হাইকোর্ট বিভাগ','রিট পিটিশন','১৮৬৩','২০১৭','0000-00-00','সার ডিলারশীপ সংক্রান্ত	','আনোয়ার হোসেন','সচিব, কৃষি মন্ত্রণালয় ও অন্যান্য','লিগ্যাল রেমিডি\r\n০১৭১১৩৩৩২২০০	\r\n','0000-00-00','0000-00-00','','0000-00-00','আইনজীবী নিয়োগ, ওকালতনামা ও Parawise Comments প্রদান','','','','রিট পিটিশন নং-১৮৬৩/২০১৭'),(198,'বিসিআইসি','উচ্চ আদালত','হাইকোর্ট বিভাগ','রিট পিটিশন',' ২০১৭','২০১৭','0000-00-00','সার ডিলারশীপ সংক্রান্ত	','মোঃ সাইফুল ইসলাম','বিসিআইসি','লিগ্যাল রেমিডি\r\n০১৭১১৩৩৩২২০০	','0000-00-00','0000-00-00','','0000-00-00','আইনজীবী নিয়োগ, ওকালতনামা ও Parawise Comments প্রদান\r\n','','','','রিট পিটিশন নং- ২০১৭/২০১৭'),(199,'বিসিআইসি','উচ্চ আদালত','হাইকোর্ট বিভাগ','রিট পিটিশন','৪৬৭০','২০১৭','0000-00-00','সার ডিলারশীপ সংক্রান্ত	','মির মহিউদ্দিন','বিসিআইসি','ব্যারিস্টার তোফায়েলুর রহমান	','0000-00-00','0000-00-00','','0000-00-00','আইনজীবী নিয়োগ, ','','','','রিট পিটিশন নং-৪৬৭০/২০১৭'),(200,'বিসিআইসি','উচ্চ আদালত','হাইকোর্ট বিভাগ','রিট পিটিশন',' ১০১৮','২০১৭','0000-00-00','সার ডিলারশীপ সংক্রান্ত	','ময়েজ এন্টারপ্রাইজ	','বিসিআইসি','দি লিগ্যাল স্যাংচুয়ারি\r\n০১৭১১৮৯৬১৩৫	','0000-00-00','0000-00-00','','0000-00-00','আইনজীবী নিয়োগ, ওকালতনামা ও Parawise Comments প্রদান\r\n','','','','রিট পিটিশন নং- ১০১৮/২০১৭'),(201,'বিসিআইসি','উচ্চ আদালত','হাইকোর্ট বিভাগ','রিট পিটিশন',' ৬৬১৭','২০১৭','0000-00-00','সার ডিলারশীপ সংক্রান্ত	','আব্দুল হালিম মৃধা','বিসিআইসি','দি লিগ্যাল স্যাংচুয়ারি\r\n০১৭১১৮৯৬১৩৫	','0000-00-00','0000-00-00','','0000-00-00','আইনজীবী নিয়োগ, ওকালতনামা ও Parawise Comments প্রদান\r\n','','','','রিট পিটিশন নং- ৬৬১৭/২০১৭'),(202,'বিসিআইসি','উচ্চ আদালত','আপিল বিভাগ','সিভিল আপীল','১০৭','২০১৭','0000-00-00','সরকার কর্তৃক ঢাকা ম্যাচ ইন্ডাস্ট্রিজ কোঃ লি. কে অধিগ্রহণ সংক্রান্ত রীট পিটিশন ২৬৭৬/১১ রায়ে সংক্ষুব্ধ হয়ে ঢাকা ম্যাচ ইন্ডাস্ট্রিজ কোঃ লি. বাদী হয়ে সিভিল আপীল নং  ১০৭/২০১৭ দায়ের করে। আদালত ঢাকা ম্যাচের পক্ষে লিভ প্রদান করে। 	','ঢাকা ম্যাচ ইণ্ডাস্ত্রিজ কোঃ লিঃ','সচিব, শিল্প মন্ত্রণালয় গং','বিকাশ পাল\r\n০১৭৩৬২৪৬১৪২	','0000-00-00','0000-00-00','','0000-00-00','আইনজীবী নিয়োগ, ওকালতনামা ও Parawise Comments প্রদান\r\n','','','','সিভিল আপীল নং-১০৭/২০১৭'),(203,'বিসিআইসি','উচ্চ আদালত','হাইকোর্ট বিভাগ','রিট পিটিশন','৩৯৭২','২০১৭','0000-00-00','চাকুরী হতে বরখাস্ত সংক্রান্ত	','মোঃ জাফর ইকবাল','বিসিআইসি	','দি লিগ্যাল স্যাংচুয়ারি\r\n০১৭১১৮৯৬১৩৫	','0000-00-00','0000-00-00','','0000-00-00','আইনজীবী নিয়োগ, ওকালতনামা ও Parawise Comments প্রদান\r\n','','','','রিট পিটিশন নং-৩৯৭২/২০১৭'),(204,'বিসিআইসি','উচ্চ আদালত','হাইকোর্ট বিভাগ','রিট পিটিশন',' ১৩০৭৪','২০১৭','0000-00-00','ঢাকার চকবাজারস্থ ০১নং চক সার্কুলার রোডে ৫৮৪.৯৫ বর্গফুট দোকানের জমিজমা নিয়ে মামলা।	','খাদিম এন্ড কোং','সচিব গণপূর্ত গং','বি আহম্মেদ এন্ড কোং\r\n০১৮১১৯০৯০৯০	','0000-00-00','0000-00-00','','0000-00-00','আইনজীবী নিয়োগ, ওকালতনামা ও Parawise Comments প্রদান\r\n','','','','রিট পিটিশন নং- ১৩০৭৪/২০১৭'),(205,'বিসিআইসি','উচ্চ আদালত','হাইকোর্ট বিভাগ','এডমিলারিটি স্যুট','২৪','২০১৮','0000-00-00','আমাদানীকৃত ইউরিয়া সারের জাহাজ ভাড়া সংক্রান্ত সৃষ্ট জটিলতায় বাদী মামলাটি দায়ের করেন।	    ','পেলিয়ান করিন্ডো','বিসিআইসি','আশরাফ উদ্দিন এন্ড এসোসিয়েটস্ ০১৭১৩৪৫২৫১৯	','0000-00-00','0000-00-00','','0000-00-00','আইনজীবী নিয়োগ, ওকালতনামা ও Parawise Comments প্রদান','','','','এডমিলারিটি স্যুট নং-২৪/২০১৮'),(206,'বিসিআইসি','উচ্চ আদালত','হাইকোর্ট বিভাগ','রিট পিটিশন','৬৫৭','২০১৮','0000-00-00','নিয়োগ বাতিল সংক্রান্ত	','আকিমুল ইসলাম	','বিসিআইসি	','জাস্টিস ফর ইউ\r\n০১৭১০৭০৪০৬৪	','0000-00-00','0000-00-00','','0000-00-00','আইনজীবী নিয়োগ, ওকালতনামা ও Parawise Comments প্রদান\r\n','','','','রিট পিটিশন নং-৬৫৭/২০১৮'),(207,'বিসিআইসি','উচ্চ আদালত','হাইকোর্ট বিভাগ','রিট পিটিশন',' ৬২৬৩','২০১৮','0000-00-00','কর্তৃপক্ষের পে  অফ আদেশে সংক্ষুব্ধ হয়ে অত্র রিট দায়ের করে।	','নাসির আহমেদ','বিসিআইসি','সৈয়দ কামরুল হোসাইন\r\n০১৭১১২৪৭৮১৬	','0000-00-00','0000-00-00','','0000-00-00','আইনজীবী নিয়োগ, ওকালতনামা ও Parawise Comments প্রদান\r\n','','','','রিট পিটিশন নং- ৬২৬৩/২০১৮'),(208,'বিসিআইসি','উচ্চ আদালত','হাইকোর্ট বিভাগ','রিট পিটিশন','৭১০২','২০১৮','0000-00-00','সার ঘাটতিতে দুর্নীতি প্রমানিত হওয়ার চাকুরীগত সুবিধাদি বন্ধ করার দপ্তরাদেশের বিরুদ্ধে মামলা	','নবীর উদ্দিন	','বিসিআইসি','মোঃ বদরুদ্দোজা ০১৭১১৫৪০০৮৪	','0000-00-00','0000-00-00','','0000-00-00','আইনজীবী নিয়োগ, ওকালতনামা ও Parawise Comments প্রদান','','','','রিট পিটিশন নং-৭১০২/২০১৮'),(209,'বিসিআইসি','উচ্চ আদালত','হাইকোর্ট বিভাগ','রিট পিটিশন','৭২৯৬','২০১৮','0000-00-00','বদলী আদেশের বিরুদ্দে সংক্ষুব্ধ হয়ে মামলা		\r\n','কার্তিক চন্দ্র বিশ্বাস','বিসিআইসি','সৈয়দ কামরুল হোসাইন\r\n০১৭১১২৪৭৮১৬','0000-00-00','0000-00-00','','0000-00-00','আইনজীবী নিয়োগ, ওকালতনামা ও Parawise Comments প্রদান','','','','রিট পিটিশন নং-৭২৯৬/২০১৮'),(210,'বিসিআইসি','উচ্চ আদালত','হাইকোর্ট বিভাগ','রিট পিটিশন',' ১১৪৩৯','২০১৮','0000-00-00','বদলী আদেশের বিরুদ্দে সংক্ষুব্ধ হয়ে মামলা		','আলি আক্কাস','বিসিআইসি	','লিগ্যাল স্যাংচুয়ারী\r\n০১৭৩২৬৪২৩১৫','0000-00-00','0000-00-00','','0000-00-00','আইনজীবী নিয়োগ, ওকালতনামা ও Parawise Comments প্রদান\r\n','','','','রিট পিটিশন নং- ১১৪৩৯/২০১৮'),(211,'বিসিআইসি','উচ্চ আদালত','হাইকোর্ট বিভাগ','রিট পিটিশন','৬৬৩২','২০১৮','0000-00-00','বদলী আদেশের বিরুদ্দে সংক্ষুব্ধ হয়ে মামলা	','মোঃ আলমগীর হোসাইন, স্টেনোগ্রাফার, বিসিআইসি','বিসিআইসি','লিগ্যাল রেমিডি\r\n০১৭১১৩৩৩২২০০	\r\n','0000-00-00','0000-00-00','','0000-00-00','আইনজীবী নিয়োগ, ওকালতনামা ও Parawise Comments প্রদান','','','','রিট পিটিশন নং-৬৬৩২/২০১৮'),(212,'বিসিআইসি','উচ্চ আদালত','আপিল বিভাগ','সিপিএলএ',' ২৪৫৫','২০১৮','0000-00-00',' কার্যাদেশ অনুযায়ী ১৫,০০০ মে.ট (+১০%) রক ফসফেট সরবরাহ করতে না পারায় তাদের দাখিলকৃত ৩০,০০,০০০/  (ত্রিশ লক্ষ) টাকার বিড বন্ড/ব্যাংক গ্যারান্টি বাজেয়াপ্ত করা হয়। এতে সংক্ষুব্দ হয়ে মেসার্স এসএস সাইন্টিফিক কর্পোরেশন নং  ২৪৫৫/২০১৮(   ১৭৩২/১১  মামলাটি দায়ের করে। রায় সংস্থার বিপক্ষে হলে সংস্থা সিপিএলএ নং  ২৪৫৫/২০১৮ দায়ের করে।	','বিসিআইসি','মেসার্স এসএস সাইন্টিফিক কর্পোরেশন','আব্দুন নূর\r\n০১৭১২২৮৯৯৮৪	','0000-00-00','0000-00-00','','0000-00-00','আইনজীবী নিয়োগ, ওকালতনামা ও Parawise Comments প্রদান\r\n','','','','সিপিএলএ নং- ২৪৫৫/২০১৮'),(213,'বিসিআইসি','উচ্চ আদালত','আপিল বিভাগ','সিপিএলএ','২৪৫৬','২০১৮','0000-00-00','মেসার্স এসএস সাইন্টিফিক কর্পোরেশন   কার্যাদেশ অনুযায়ী ১৫,০০০ মেট্রিক টন (+১০%) রক ফসফেট সরবরাহ করতে না পারায় তাদের দাখিলকৃত ৩০,০০,০০০/  (ত্রিশ লক্ষ) টাকার বিড বন্ড/ব্যাংক গ্যারান্টি বাজেয়াপ্ত করা হয়। এতে সংক্ষুব্দ হয়ে মেসার্স এসএস সাইন্টিফিক কর্পোরেশন নং  ২৪৫৫/২০১৮(   ১৭৩৩/১১  মামলাটি দায়ের করে। রায় সংস্থার বিপক্ষে হলে সংস্থা সিপিএলএ নং  ২৪৫৬/২০১৮ দায়ের করে।	','বিসিআইসি	','মেসার্স এসএস সাইন্টিফিক কর্পোঃ','আব্দুন নূর\r\n০১৭১২২৮৯৯৮৪	','0000-00-00','0000-00-00','','0000-00-00','আইনজীবী নিয়োগ, ওকালতনামা ও Parawise Comments প্রদান\r\n','','','','সিপিএলএ নং-২৪৫৬/২০১৮'),(214,'বিসিআইসি','উচ্চ আদালত','হাইকোর্ট বিভাগ','এডমিলারিটি স্যুট','২৭','২০১৮','0000-00-00','আমদানিকৃত ইউরিয়া সার পরিবহনের জাহাজ ভাড়া বাবদ ৭,৮৭,৪২৫.৪৭ মার্কিন ডলার দাবী করে মামলা।	  ','এ কে এম আখতারূজ্জামান','বিসিআইসি','  দি লিগ্যাল   স্যাংচুয়ারি\r\n   ০১৭১১৮৯৬১৩৫	','0000-00-00','0000-00-00','','0000-00-00','আইনজীবী নিয়োগ, ওকালতনামা ও Parawise Comments প্রদান\r\n','','','','এডমিলারিটি স্যুট নং-২৭/২০১৮'),(215,'বিসিআইসি','উচ্চ আদালত','হাইকোর্ট বিভাগ','এডমিলারিটি স্যুট','৮','২০১৮','0000-00-00','আমদানিকৃত ইউরিয়া সার পরিবহনের জাহাজের মালিকব্লুজ শিপিং লি. বকেয়া ভাড়া বাবদ ৪,৪১,৮৫৫.১৩ টাকা দাবী করে মামলা।	  ','ব্লুজ শিপিং লি. ৩৩৮, ফুস্টন রোড, লন্ডন, ইউ. কে','বিসিআইসি','  দি লিগ্যাল  স্যাংচুয়ারি\r\n   ০১৭১১৮৯৬১৩৫	','0000-00-00','0000-00-00','','0000-00-00','আইনজীবী নিয়োগ, ওকালতনামা ও Parawise Comments প্রদান\r\n','','','','এডমিলারিটি স্যুট নং-৮/২০১৮'),(216,'বিসিআইসি','উচ্চ আদালত','আপিল বিভাগ','সিপিএলএ','২৫৪১','২০১৮   ','0000-00-00','সিলেট পাল্প এন্ড মিলস (পেপার) ৮৫ জন কতৃক পে  অফকৃত কর্মচারীর পক্ষে নোটিশ ডিমান্ডিং জাস্টিস।	','বিসিআইসি','মোঃ মোর্তজা হাসান গং	','সৈয়দ কামরুল হোসাইন\r\n০১৭১১২৪৭৮১৬	','0000-00-00','0000-00-00','','0000-00-00','আইনজীবী নিয়োগ, ওকালতনামা  প্রদান ও পেপার বুক দাখিল করা হয়েছে।\r\n','','','','সিপিএলএ নং-২৫৪১/২০১৮   '),(217,'বিসিআইসি','উচ্চ আদালত','হাইকোর্ট বিভাগ','এডমিলারিটি স্যুট','২৬','২০১৮','0000-00-00','M V GLOBE EXPLORER জাহাজের মালিক পক্ষ Pan Ocean Co. Ltd. অপরিশোধিত জাহাজ ভাড়া এএএ শিপিং ইন্টারন্যাশনাল  কে পরিশোধ না করে তাদেরকে ৩৫২,৪৭৯.৪৬ মার্কিন ডলার পরিশোধ করার আর্জি জানিয়ে মামলা।	    ','প্যান ওশান কোং  দক্ষিণ কোরিয়া','বিসিআইসি','দি লিগ্যাল  স্যাংচুয়ারি\r\n ০১৭১১৮৯৬১৩৫	\r\n','0000-00-00','0000-00-00','','0000-00-00','আইনজীবী নিয়োগ, ওকালতনামা ও Parawise Comments প্রদান','','','','এডমিলারিটি স্যুট নং-২৬/২০১৮'),(218,'বিসিআইসি','উচ্চ আদালত','হাইকোর্ট বিভাগ','এডমিলারিটি স্যুট','২৫','২০১৮','0000-00-00','আমদানিকৃত ইউরিয়া সার জাহাজ হতে খালাশের জটিলতায় ২০,২৭,৪৬,২৫০ টাকা দাবী করে মামলা।	    ','ইউনিভার্সাল শিপিং','বিসিআইসি','দি লিগ্যাল  স্যাংচুয়ারি\r\n ০১৭১১৮৯৬১৩৫	','0000-00-00','0000-00-00','','0000-00-00','আইনজীবী নিয়োগ, ওকালতনামা ও Parawise Comments প্রদান\r\n','','','','এডমিলারিটি স্যুট নং-২৫/২০১৮'),(219,'বিসিআইসি','উচ্চ আদালত','আপিল বিভাগ','সিপিএলএ',' ২৪৫৫','২০১৮','0000-00-00','ব্যাংক গ্যারান্টি বাবদ ৬০ লক্ষ টাকা নগদায়ন না করা ও আরবিট্রেশনের আর্জি জানিয়ে মামলা।	','আমিনুর রশিদ খান','বিসিআইসি','লিগ্যাল রেমিডি\r\n০১৭১১৩৩৩২২০০	','0000-00-00','0000-00-00','','0000-00-00','আইনজীবী নিয়োগ, ওকালতনামা ও Parawise Comments প্রদান\r\n','','','','সিপিএলএ নং- ২৪৫৫/২০১৮'),(220,'বিসিআইসি','উচ্চ আদালত','আপিল বিভাগ','সিপিএলএ','২৫৪০','২০১৮','0000-00-00','সিলেট পাল্প এন্ড মিলস (পেপার) ৮৫ জন কতৃক পে  অফকৃত কর্মচারীগণ  কে চাকুরিতে পুনর্বহাল করার জন্য উক্ত মামলা দায়ের করে।	','বিসিআইসি','মোঃ আফরোজ মিয়া গং','বি আহম্মেদ এন্ড কোং\r\n০১৮১১৯০৯০৯০	\r\n','0000-00-00','0000-00-00','','0000-00-00','আইনজীবী নিয়োগ, ওকালতনামা  প্রদান ও পেপার বুক দাখিল করা হয়েছে।','','','','সিপিএলএ নং-২৫৪০/২০১৮'),(221,'বিসিআইসি','উচ্চ আদালত','আপিল বিভাগ','সিপিএলএ','২৪৫','২০১৮','0000-00-00','আমদানীকৃত ইউরিয়া সার সরবরাহ করতে ব্যর্থ হওয়ায় ব্যাংক গ্যারান্টি বাবদ ৩০ লক্ষ টাকা বাজেয়াপ্ত করায় মামলা	','এস এস সাইন্টিফিক কর্পোরেশন','বিসিআইসি','দি লিগ্যাল স্যাংচুয়ারি\r\n০১৭১১৮৯৬১৩৫	\r\n','0000-00-00','0000-00-00','','0000-00-00','আইনজীবী নিয়োগ, ওকালতনামা ও Parawise Comments প্রদান','','','','সিপিএলএ নং-২৪৫/২০১৮'),(222,'বিসিআইসি','উচ্চ আদালত','আপিল বিভাগ','সিভিল রুল','২৫২','২০১৮','0000-00-00','আমদানীকৃত ইউরিয়া সার সরবরাহ করতে ব্যর্থ হওয়ায় ব্যাংক গ্যারান্টি বাবদ ২,৭০,০০০/   ইউএস ডলার নগদায়ন করায় সৃষ্ট মামলা।	','দেশ ট্রেডিং কর্পোরেশন','বিসিআইসি','বি আহম্মেদ কোং	','0000-00-00','0000-00-00','','0000-00-00','আইনজীবী নিয়োগ, ওকালতনামা ও Parawise Comments প্রদান\r\n','','','','সিভিল রুল নং-২৫২/২০১৮'),(223,'বিসিআইসি','উচ্চ আদালত','হাইকোর্ট বিভাগ','রিট পিটিশন',' ৯২৬২','২০১৮','0000-00-00','ইউনিভার্সাল শিপিং কর্পোরেশন	বিসিআইসি	ব্যাংক গ্যারান্টি বাবদ ১,১৯,৪২৫ মার্কিন ডলার নগদায়ন না করায় আর্জি	','ইউনিভার্সাল শিপিং কর্পোরেশন','বিসিআইসি','মোঃ বদরুদ্দোজা ০১৭১১৫৪০০৮৪	','0000-00-00','0000-00-00','','0000-00-00','আইনজীবী নিয়োগ, ওকালতনামা ও Parawise Comments প্রদান','','','','রিট পিটিশন নং- ৯২৬২/২০১৮'),(224,'বিসিআইসি','উচ্চ আদালত','হাইকোর্ট বিভাগ','রিট পিটিশন',' ২৫১২','২০১৮','0000-00-00','সার ডিলারশিপ সংক্রান্ত	','মিতা ট্রেডার্স','বিসিআইসি','ব্যারিস্টার তোফায়েলুর রহমান\r\n০১৮১৯২৫৩১৫৮	','0000-00-00','0000-00-00','','0000-00-00','আইনজীবী নিয়োগ, ওকালতনামা ও Parawise Comments প্রদান\r\n','','','','রিট পিটিশন নং- ২৫১২/২০১৮'),(225,'বিসিআইসি','উচ্চ আদালত','হাইকোর্ট বিভাগ','রিট পিটিশন',' ৬৭৯৯','২০১৮','0000-00-00','সার ডিলারশিপ সংক্রান্ত	','সামসুল আলম','সচিব, কৃষি মন্ত্রণালয় ও অন্যান্য','ব্যারিস্টার তোফায়েলুর রহমান\r\n০১৮১৯২৫৩১৫৮	\r\n','0000-00-00','0000-00-00','','0000-00-00','আইনজীবী নিয়োগ, ওকালতনামা ও Parawise Comments প্রদান','','','','রিট পিটিশন নং- ৬৭৯৯/২০১৮'),(226,'বিসিআইসি','উচ্চ আদালত','হাইকোর্ট বিভাগ','রিট পিটিশন',' ১৪২৬৭','২০১৮','0000-00-00','সার ডিলারশিপ সংক্রান্ত	','চৌধুরী এন্টারপ্রাইজ	','সচিব, কৃষি মন্ত্রণালয় ও অন্যান্য','ব্যারিস্টার তোফায়েলুর রহমান\r\n০১৮১৯২৫৩১৫৮	','0000-00-00','0000-00-00','','0000-00-00','আইনজীবী নিয়োগ, ওকালতনামা ও Parawise Comments প্রদান\r\n','','','','রিট পিটিশন নং- ১৪২৬৭/২০১৮'),(227,'বিসিআইসি','উচ্চ আদালত','হাইকোর্ট বিভাগ','রিট পিটিশন',' ১৪১৪৪','২০১৮','0000-00-00','সার ডিলারশিপ সংক্রান্ত	','শহিদুল ইসলাম','সচিব, কৃষি মন্ত্রণালয় ও অন্যান্য','ব্যারিস্টার তোফায়েলুর রহমান\r\n০১৮১৯২৫৩১৫৮	\r\n','0000-00-00','0000-00-00','','0000-00-00','আইনজীবী নিয়োগ, ওকালতনামা ও Parawise Comments প্রদান','','','','রিট পিটিশন নং- ১৪১৪৪/২০১৮'),(228,'বিসিআইসি','উচ্চ আদালত','হাইকোর্ট বিভাগ','রিট পিটিশন','৪৩৩৪','২০১৯','0000-00-00','বেতন স্কেল সংক্রান্ত	','মোঃ মুজিবর রহমান পেশ ইমাম','বিসিআইসি	','ব্যারিস্টার ইমাম হোসেন\r\n০১৭১২২৭৬৮২৮	','0000-00-00','0000-00-00','','0000-00-00','আইনজীবী নিয়োগ, ওকালতনামা ও Parawise Comments প্রদান\r\n','','','','রিট পিটিশন নং-৪৩৩৪/২০১৯'),(229,'বিসিআইসি','উচ্চ আদালত','হাইকোর্ট বিভাগ','এডমিলারিটি স্যুট','৩৩','২০১৯	','0000-00-00','আমদানিকৃত ইউরিয়া সার পরিবহনে নিয়োজিত বকেয়া জাহাজ ভাড়াবাবদ ২,৮৭,৩১,৩৯৯.৩২টাকা দাবী করে সৃষ্ট মামলা।	','কানতারা শিপিং	','বিসিআইসি','মোঃ বদরুদ্দোজা ০১৭১১৫৪০০৮৪	','0000-00-00','0000-00-00','','0000-00-00','আইনজীবী নিয়োগ, ওকালতনামা ও Parawise Comments প্রদান','','','','এডমিলারিটি স্যুট নং-৩৩/২০১৯	'),(230,'বিসিআইসি','উচ্চ আদালত','হাইকোর্ট বিভাগ','এডমিলারিটি স্যুট','৩৪','২০১৯','0000-00-00','আমদানিকৃত ইউরিয়া সার পরিবহনে নিয়োজিত বকেয়া জাহাজ ভাড়াবাবদ ৪,২৩,৯২,১২৫.৬২ টাকা দাবী করে সৃষ্ট মামলা।	\r\n','ইউনির্ভাসাল শিপিং কোং','বিসিআইসি','মোঃ বদরুদ্দোজা ০১৭১১৫৪০০৮৪	','0000-00-00','0000-00-00','','0000-00-00','আইনজীবী নিয়োগ, ওকালতনামা ও Parawise Comments প্রদান','','','','এডমিলারিটি স্যুট নং-৩৪/২০১৯'),(231,'বিসিআইসি','উচ্চ আদালত','আপিল বিভাগ','সিপিএলএ','২১৯','২০১৯  ','0000-00-00','পে  অফকৃত কর্মকর্তাদের চাকুরিতে পূনর্বহাল সংক্রান্ত	','বিসিআইসি','মোঃ আশরাফ হোসেন গং','বি.আহম্মেদ এন্ড কোং, এসোসিয়েটস	','0000-00-00','0000-00-00','','0000-00-00','আইনজীবী নিয়োগ, ওকালতনামা  প্রদান ও পেপার বুক দাখিল করা হয়েছে।','','','','সিপিএলএ নং-২১৯/২০১৯  '),(232,'বিসিআইসি','উচ্চ আদালত','হাইকোর্ট বিভাগ','রিট পিটিশন','৭০০৫','২০১৯','0000-00-00','চাকুরী সংক্রান্ত	','মোঃ তাইবুর রহমান','বিসিআইসি','সৈয়দ কামরুল হোসাইন\r\n০১৭১১২৪৭৮১৬	ন\r\n','0000-00-00','0000-00-00','','0000-00-00','আইনজীবী নিয়োগ, ওকালতনামা ও Parawise Comments প্রদা','','','','রিট পিটিশন নং-৭০০৫/২০১৯'),(233,'বিসিআইসি','উচ্চ আদালত','হাইকোর্ট বিভাগ','রিট পিটিশন','১১৮৪২','২০১৯','0000-00-00','কর্তৃপক্ষের পে  অফ আদেশে সংক্ষুব্ধ হয়ে অত্র রিট দায়ের করে।	','মোঃ ওয়াজি উল্লাহ','বিসিআইসি','সৈয়দ কামরুল হোসাইন\r\n০১৭১১২৪৭৮১৬	','0000-00-00','0000-00-00','','0000-00-00','আইনজীবী নিয়োগ, ওকালতনামা ও Parawise Comments প্রদান\r\n','','','','রিট পিটিশন নং-১১৮৪২/২০১৯'),(234,'বিসিআইসি','উচ্চ আদালত','হাইকোর্ট বিভাগ','রিট পিটিশন','৫৪৭২','২০১৯','0000-00-00','বদলী আদেশের বিরুদ্ধে সংক্ষুব্ধ হয়ে মামলা	','মোঃ জাহাঙ্গীর হোসেন','বিসিআইসি','লিগ্যাল রেমিডি\r\n০১৭১১৩৩৩২২০০\r\n','0000-00-00','0000-00-00','','0000-00-00','আইনজীবী নিয়োগ, ওকালতনামা ও Parawise Comments প্রদান','','','','রিট পিটিশন নং-৫৪৭২/২০১৯'),(235,'বিসিআইসি','উচ্চ আদালত','হাইকোর্ট বিভাগ','রিট পিটিশন','৭৬৯১','২০১৯','0000-00-00','চাকুরীর অবসানাদেশের বিরুদ্ধে সংক্ষুব্ধ হয়ে মামলা	','মোহাম্মদ মনজুরুল আলম','বিসিআইসি','লিগ্যাল রেমিডি\r\n০১৭১১৩৩৩২২০০	','0000-00-00','0000-00-00','বিচারাধীন','0000-00-00','আইনজীবী নিয়োগ, ওকালতনামা ও Parawise Comments প্রদান\r\n','','','','রিট পিটিশন নং-৭৬৯১/২০১৯'),(236,'বিসিআইসি','উচ্চ আদালত','হাইকোর্ট বিভাগ','রিট পিটিশন','৫২১৪','২০১৯','0000-00-00','নিয়োগ বাতিল সংক্রান্ত','এ. কে. এম. সামমুল হুদা সরকার','বিসিআইসি','সৈয়দ কামরুল হোসাইন\r\n০১৭১১২৪৭৮১৬	','0000-00-00','0000-00-00','','0000-00-00','আইনজীবী নিয়োগ, ওকালতনামা ও Parawise Comments প্রদান\r\n','','','','রিট পিটিশন নং-৫২১৪/২০১৯'),(237,'বিসিআইসি','উচ্চ আদালত','হাইকোর্ট বিভাগ','রিট পিটিশন','৪৬০০','২০১৯','0000-00-00','কর্তৃপক্ষের পে  অফ আদেশে সংক্ষুব্ধ হয়ে অত্র রিট দায়ের করে।	\r\n','এ. কে. এম. আখতারুজ্জামান','বিসিআইসি','এস, এম সাখাওয়াত হোসেন\r\n০১৭৪১১৬৪৫১১	','0000-00-00','0000-00-00','বিচারাধীন','0000-00-00','আইনজীবী নিয়োগ, ওকালতনামা ও Parawise Comments প্রদান','','','','রিট পিটিশন নং-৪৬০০/২০১৯'),(238,'বিসিআইসি','উচ্চ আদালত','হাইকোর্ট বিভাগ','রিট পিটিশন','১১৪৭১','২০১৯','0000-00-00','চাকরি স্থায়ীকরণ সংক্রান্ত	','মোঃ শাহ্ নেওয়াজ','বিসিআইসি','লিগ্যাল স্যাংচুয়ারী\r\n০১৭৩২৬৪২৩১৫	','0000-00-00','0000-00-00','বিচারাধীন','0000-00-00','আইনজীবী নিয়োগ, ওকালতনামা ও Parawise Comments প্রদান\r\n','','','','রিট পিটিশন নং-১১৪৭১/২০১৯'),(239,'বিসিআইসি','উচ্চ আদালত','আপিল বিভাগ','সিভিল রিভিশন','৩৭৪৩','২০১৯','0000-00-00','ব্যাংক গ্যারান্টি বাবদ ১,৯৬০,১৪২ মার্কিন ডলার  বাজেয়াপ্ত করায় মামলা		','ব্যান্ডউইন ট্রেডিং কর্পোরেশন','বিসিআইসি','আব্দুন নূর\r\n০১৭১২২৮৯৯৮৪','0000-00-00','0000-00-00','বিচারাধীন','0000-00-00','আইনজীবী নিয়োগ, ওকালতনামা ও Parawise Comments প্রদান\r\n','','','','সিভিল রিভিশন নং-৩৭৪৩/২০১৯'),(240,'বিসিআইসি','উচ্চ আদালত','আপিল বিভাগ','সিভিল রিভিশন',' ১৬৮৭','২০১৯','0000-00-00','রক ফসফেট আমদানি সংক্রান্তে পিজি বাবদ ১০৯,০০,০০০/   বাজেয়াপ্ত	    ','মোহাম্মদ মহিউদ্দিন','বিসিআইসি','দি লিগ্যাল স্যাংচুয়ারি\r\n   ০১৭১১৮৯৬১৩৫	','0000-00-00','0000-00-00','বিচারাধীন','0000-00-00','আইনজীবী নিয়োগ, ওকালতনামা ও Parawise Comments প্রদান\r\n','','','','সিভিল রিভিশন নং- ১৬৮৭/২০১৯'),(241,'বিসিআইসি','উচ্চ আদালত','হাইকোর্ট বিভাগ','রিট পিটিশন','২৩৫৩','২০১৯','0000-00-00','পে  অফ আদেশে সংক্ষুব্ধ হয়ে অত্র রিট দায়ের করে।	','রবিউল করিম গং','বিসিআইসি','এস, এম সাখাওয়াত হোসেন\r\n০১৭৪১১৬৪৫১১	','0000-00-00','0000-00-00','বিচারাধীন','0000-00-00','আইনজীবী নিয়োগ, ওকালতনামা ও Affidavit in Opposition দাখিল করা হয়েছে\r\n','','','','রিট পিটিশন নং-২৩৫৩/২০১৯'),(242,'বিসিআইসি','উচ্চ আদালত','আপিল বিভাগ','সিপিএলএ','১৪৯২','২০১৯','0000-00-00','পে  অফ সংক্রান্ত  ২৭৫৩/০৩ এর আদালত কতৃক ঘোষিত রায়ে সংক্ষুব্ধ হয়ে বর্ণিত মামলাটি দায়ের করা হয়েছে।	','বিসিআইসি','মোঃ বায়জিদ ফরিদী গং','বি আহম্মেদ এন্ড কোং\r\n০১৮১১৯০৯০৯০	','0000-00-00','0000-00-00','বিচারাধীন','0000-00-00','পেপার বুক দাখিল করা হয়েছে\r\n','','','','সিপিএলএ নং-১৪৯২/২০১৯'),(243,'বিসিআইসি','উচ্চ আদালত','আপিল বিভাগ','সিপিএলএ','১১৮৯','২০১৯','0000-00-00','পে-অফ সংক্রান্ত রিট পিটিশন নং- ৭৭৫৩/২০১৩ এর আদালত কতৃক ঘোষিত রায়ে সংক্ষুব্ধ হয়ে বর্ণিত মামলাটি দায়ের করা হয়েছে।	','বিসিআইসি','সামসুজ্জামান গং','সৈয়দ কামরুল হোসাইন\r\n০১৭১১২৪৭৮১৬	\r\n','0000-00-00','0000-00-00','বিচারাধীন','0000-00-00','পেপার বুক দাখিল করা হয়েছে','','','','সিপিএলএ নং-১১৮৯/২০১৯'),(244,'বিসিআইসি','উচ্চ আদালত','আপিল বিভাগ','সিভিল রিভিশন','১২৫৬২','২০১৯','0000-00-00','পে-অফ আদেশে সংক্ষুব্ধ হয়ে অত্র রিট দায়ের করে।	','মোঃ আখলুস মিয়া তালুকদার','বিসিআইসি','সৈয়দ কামরুল হোসাইন\r\n০১৭১১২৪৭৮১৬	','0000-00-00','0000-00-00','বিচারাধীন','0000-00-00','আইনজীবী নিয়োগ, ওকালতনামা ও Parawise Comments প্রদান\r\n','','','','সিভিল রিভিশন নং-১২৫৬২/২০১৯'),(245,'বিসিআইসি','উচ্চ আদালত','হাইকোর্ট বিভাগ','রিট পিটিশন','১৪৯৩০','২০১৯','0000-00-00','পে-অফ আদেশের বিরূদ্ধে মামলা দায়ের করেন	','মোঃ হায়দার আলী','বিসিআইসি','সৈয়দ কামরুল হোসাইন\r\n০১৭১১২৪৭৮১৬	','0000-00-00','0000-00-00','বিচারাধীন','0000-00-00','আইনজীবী নিয়োগ, ওকালতনামা ও Parawise Comments প্রদান\r\n','','','','রিট পিটিশন নং-১৪৯৩০/২০১৯'),(246,'বিসিআইসি','উচ্চ আদালত','আপিল বিভাগ','সিভিল রিভিশন','৩৭৪৩','২০১৯','0000-00-00','কার্যাদেশ মোতাবেক ব্যান্ডউইন ট্রেডিং কর্পোরেশন সার সরবরাহ দিতে ব্যর্থ হওয়ায় ব্যাংক গ্যারান্টি বাবদ ১৯,৬০,১৪২ মা.ড. বাজেয়াপ্ত করা হলে আরবিট্রেশন মিস কেইস নং-৫৯৭/২০১৫ করে। উক্ত মামলার রায় সংস্থার পক্ষে হলে সিভিল রিভিশন দায়ের করা হয়। ব্যাংক গ্যারান্টি নগদায়ন না করার জন্য আদালতের আদেশ রয়েছে।	','ব্যান্ডউইন ট্রেডিং কর্পোরেশন','বিসিআইসি','আব্দুন নূর\r\n০১৭১২২৮৯৯৮৪	','0000-00-00','0000-00-00','বিচারাধীন','0000-00-00','আইনজীবী নিয়োগ, ওকালতনামা ও Parawise Comments প্রদান\r\n','','','','সিভিল রিভিশন নং-৩৭৪৩/২০১৯'),(247,'বিসিআইসি','উচ্চ আদালত','হাইকোর্ট বিভাগ','রিট পিটিশন','৯৩৯১','২০১৯','0000-00-00','ইউরিয়া সার আমদানি সংক্রান্তে ব্যাংক গ্যারান্টি বাবদ ৩,০৪,৫০,০০০/- টাকা নগদায়ন না করায় আর্জি।	','গ্লোব পিউ ইনপোর্ট এন্ড এক্সপোর্ট লি.','বিসিআইসি','মোঃ বদরুদ্দোজা \r\n০১৭১১৫৪০০৮৪	','0000-00-00','0000-00-00','বিচারাধীন','0000-00-00','আইনজীবী নিয়োগ, ওকালতনামা ও Parawise Comments প্রদান','','','','রিট পিটিশন নং-৯৩৯১/২০১৯'),(248,'বিসিআইসি','উচ্চ আদালত','হাইকোর্ট বিভাগ','রিট পিটিশন','৯৩৯০','২০১৯','0000-00-00','ইউরিয়া সার আমদানি সংক্রান্তে ব্যাংক গ্যারান্টি বাবদ ৩,০৪,৫০,০০০/- টাকা নগদায়ন না করায় আর্জি। ব্যাংক গ্যারান্টি নগদায়নের উপর আদালতের স্থগিতাদেশ রয়েছে।','গ্লোব পিউ ইনপোর্ট এন্ড এক্সপোর্ট লি.','বিসিআইসি	','	মোঃ বদরুদ্দোজা ০১৭১১৫৪০০৮৪	','0000-00-00','0000-00-00','বিচারাধীন','0000-00-00','আইনজীবী নিয়োগ, ওকালতনামা ও Parawise Comments প্রদান','','','','রিট পিটিশন নং-৯৩৯০/২০১৯'),(249,'বিসিআইসি','উচ্চ আদালত','হাইকোর্ট বিভাগ','রিট পিটিশন','৮৪৮২','২০১৯','0000-00-00','ইউরিয়া সার আমদানি সংক্রান্তে ব্যাংক গ্যারান্টি বাবদ ৩,০৪,৫০,০০০/- টাকা নগদায়ন না করায় আর্জি।','গ্লোব পিউ ইনপোর্ট এন্ড এক্সপোর্ট লি.','বিসিআইসি','মোঃ বদরুদ্দোজা ০১৭১১৫৪০০৮৪	','0000-00-00','0000-00-00','বিচারাধীন','0000-00-00','আইনজীবী নিয়োগ, ওকালতনামা ও Parawise Comments প্রদান','','','','রিট পিটিশন নং-৮৪৮২/২০১৯'),(250,'বিসিআইসি','উচ্চ আদালত','হাইকোর্ট বিভাগ','এডমিলারিটি স্যুট','০৫','২০১৯','0000-00-00','আমাদানীকৃত ইউরিয়া সারের জাহাজ ভাড়া সংক্রান্ত সৃষ্ট জটিলতায় বাদী মামলাটি দায়ের করেন।	','ইউনির্ভাসাল শিপিং লি. ','বিসিআইসি	','মোঃ বদরুদ্দোজা ০১৭১১৫৪০০৮৪	','0000-00-00','0000-00-00','বিচারাধীন','0000-00-00','আইনজীবী নিয়োগ, ওকালতনামা ও Parawise Comments প্রদান','','','','এডমিলারিটি স্যুট নং-০৫/২০১৯'),(251,'বিসিআইসি','উচ্চ আদালত','হাইকোর্ট বিভাগ','রিট পিটিশন','০৬','২০১৯','0000-00-00','আমাদানীকৃত ইউরিয়া সারের জাহাজ ভাড়া সংক্রান্ত সৃষ্ট জটিলতায় বাদী মামলাটি দায়ের করেন।	','ইউনির্ভাসাল শিপিং লি.','বিসিআইসি','মোঃ বদরুদ্দোজা ০১৭১১৫৪০০৮৪	','0000-00-00','0000-00-00','বিচারাধীন','0000-00-00','আইনজীবী নিয়োগ, ওকালতনামা ও Parawise Comments প্রদান','','','','রিট পিটিশন নং-০৬/২০১৯'),(252,'বিসিআইসি','উচ্চ আদালত','হাইকোর্ট বিভাগ','এডমিলারিটি স্যুট','০৭','২০১৯','0000-00-00','আমাদানীকৃত ইউরিয়া সারের জাহাজ ভাড়া সংক্রান্ত সৃষ্ট জটিলতায় বাদী মামলাটি দায়ের করেন।	','ইউনির্ভাসাল শিপিং লিঃ','বিসিআইসি','মোঃ বদরুদ্দোজা ০১৭১১৫৪০০৮৪	','0000-00-00','0000-00-00','বিচারাধীন','0000-00-00','আইনজীবী নিয়োগ, ওকালতনামা ও Parawise Comments প্রদান\r\n','','','','এডমিলারিটি স্যুট নং-০৭/২০১৯'),(253,'বিসিআইসি','উচ্চ আদালত','হাইকোর্ট বিভাগ','রিট পিটিশন','৩৩','২০১৯','0000-00-00','আমাদানীকৃত ইউরিয়া সারের জাহাজ ভাড়া সংক্রান্ত সৃষ্ট জটিলতায় বাদী মামলাটি দায়ের করেন।	','এমএস কানতারা শিপিং লিঃ','বিসিআইসি','মোঃ বদরুদ্দোজা ০১৭১১৫৪০০৮৪	আইনজীবী নিয়োগ, ওকালতনামা ও ','0000-00-00','0000-00-00','বিচারাধীন','0000-00-00','মোঃ বদরুদ্দোজা ০১৭১১৫৪০০৮৪	আইনজীবী নিয়োগ, ওকালতনামা ও Parawise Comments প্রদান','','','','রিট পিটিশন নং-৩৩/২০১৯'),(254,'বিসিআইসি','উচ্চ আদালত','হাইকোর্ট বিভাগ','এডমিলারিটি স্যুট','৩৩','২০১৯','0000-00-00','আমাদানীকৃত ইউরিয়া সারের জাহাজ ভাড়া সংক্রান্ত সৃষ্ট জটিলতায় বাদী মামলাটি দায়ের করেন।	','এমএস ইউনিটার্ম শিপিং লিঃ','বিসিআইসি','মোঃ বদরুদ্দোজা ০১৭১১৫৪০০৮৪	','0000-00-00','0000-00-00','বিচারাধীন','0000-00-00','আইনজীবী নিয়োগ, ওকালতনামা ও Parawise Comments প্রদান','','','','এডমিলারিটি স্যুট নং-৩৩/২০১৯'),(255,'বিসিআইসি','উচ্চ আদালত','হাইকোর্ট বিভাগ','রিট পিটিশন','৮৪৮৪','২০১৯	','0000-00-00','ইউরিয়া সার আমদানি সংক্রান্ত ব্যাংক গ্যারান্টি বাবদ ৩,০৪,৫০,০০০/- টাকা নগদায়ন না করায় আর্জি।	','এমএস ইউনিটার্ম শিপিং লিঃ','বিসিআইসি','মোঃ বদরুদ্দোজা ০১৭১১৫৪০০৮৪	','0000-00-00','0000-00-00','বিচারাধীন','0000-00-00','আইনজীবী নিয়োগ, ওকালতনামা ও Parawise Comments প্রদান','','','','রিট পিটিশন নং-৮৪৮৪/২০১৯	'),(256,'বিসিআইসি','উচ্চ আদালত','হাইকোর্ট বিভাগ','এডমিলারিটি স্যুট','৪০','২০১৯','0000-00-00','আমদানিকৃত ইউরিয়া সার পরিবহন সংক্রান্ত	    ','বাল্ক ট্রেড ইন্টারন্যাশনাল','বিসিআইসি','দি লিগ্যাল   স্যাংচুয়ারি\r\n ০১৭১১৮৯৬১৩৫	','0000-00-00','0000-00-00','বিচারাধীন','0000-00-00','আইনজীবী নিয়োগ, ওকালতনামা ও Parawise Comments প্রদান\r\n','','','','এডমিলারিটি স্যুট নং-৪০/২০১৯'),(257,'বিসিআইসি','উচ্চ আদালত','হাইকোর্ট বিভাগ','রিট পিটিশন','১১৭৬৪','২০১৯','0000-00-00','দরপত্রে Debar করায়	','এএএ শিপিং লোকাল এজেন্ট- নবাব এন্ড কোং','বিসিআইসি','সৈয়দ কামরুল\r\n ইসলাম	\r\n','0000-00-00','0000-00-00','বিচারাধীন','0000-00-00','','আইনজীবী নিয়োগ, ওকালতনামা ও Parawise Comments প্রদান','','','রিট পিটিশন নং-১১৭৬৪/২০১৯'),(258,'বিসিআইসি','উচ্চ আদালত','হাইকোর্ট বিভাগ','রিট পিটিশন','৮৪৮৪','২০১৯','0000-00-00','ট্রানজিটে থাকা আমদানিকৃত সার সরবরাহের সময়সীমা বৃদ্ধির আর্জি	','নবাব এন্ড কোং,','বিসিআইসি','এস এম সাখাওয়াত হোসেন\r\n০১৭৪১১৬৪৫১১	','0000-00-00','0000-00-00','বিচারাধীন','0000-00-00','আইনজীবী নিয়োগ, ওকালতনামা ও Parawise Comments প্রদান\r\n','','','','রিট পিটিশন নং-৮৪৮৪/২০১৯'),(259,'বিসিআইসি','উচ্চ আদালত','হাইকোর্ট বিভাগ','রিট পিটিশন','১২৪৬৬','২০১৯	','0000-00-00','ইউরিয়া সার পরিবহন সংক্রান্ত	','সাউথ ডেল্টা শিপিং এন্ড ট্রেডিং লিঃ','বিসিআইসি','এ এম শওকতুল হক\r\n০১৭১১৭০৯৩৬১	\r\n','0000-00-00','0000-00-00','বিচারাধীন','0000-00-00','আইনজীবী নিয়োগ, ওকালতনামা ও Parawise Comments প্রদান','','','','রিট পিটিশন নং-১২৪৬৬/২০১৯	'),(260,'বিসিআইসি','উচ্চ আদালত','হাইকোর্ট বিভাগ','রিট পিটিশন','১০৮১৭','২০১৯','0000-00-00','আমদানিকৃত সার পরবিহন জাহাজ নির্ধারণ করতে ব্যর্থ হওয়ায় চুক্তি বাতিল  হওয়ায় পিজি বাবদ ১,৮৩,৪৪,৪৪৩/- টাকা বাজেয়াপ্ত করায় মামলা।	','এএএ শিপিং লোকাল এজেন্ট','বিসিআইসি	','সৈয়দ কামরুল  ইসলাম	\r\n','0000-00-00','0000-00-00','বিচারাধীন','0000-00-00','আইনজীবী নিয়োগ, ওকালতনামা ও Parawise Comments প্রদান','','','','রিট পিটিশন নং-১০৮১৭/২০১৯'),(261,'বিসিআইসি','উচ্চ আদালত','হাইকোর্ট বিভাগ','রিট পিটিশন','১৩৩৮২','২০১৯','0000-00-00','ট্রানজিটে থাকা সার সরবরাহ করার সময়সীমা বৃদ্ধি সংক্রান্ত।	','মেসার্স নবাব এন্ড কোং','বিসিআইসি','এস এম সাখাওয়াত হোসেন\r\n০১৭৪১১৬৪৫১১	','0000-00-00','0000-00-00','বিচারাধীন','0000-00-00','আইনজীবী নিয়োগ, ওকালতনামা ও Parawise Comments প্রদান\r\n','','','','রিট পিটিশন নং-১৩৩৮২/২০১৯'),(262,'বিসিআইসি','উচ্চ আদালত','হাইকোর্ট বিভাগ','রিট পিটিশন','১১৭৬৪','২০১৯','0000-00-00','নবাব এন্ড কোং কে টেন্ডারে অংশ গ্রহণে থেকে debar করায়।	  ','নবাব এন্ড কোং','বিসিআইসি',' সৈয়দ কামরূল  হোসেন\r\n   ০১৭১১২৪৭৮১৬	','0000-00-00','0000-00-00','বিচারাধীন','0000-00-00','আইনজীবী নিয়োগ, ওকালতনামা ও Parawise Comments প্রদান\r\n','','','','রিট পিটিশন নং-১১৭৬৪/২০১৯'),(263,'বিসিআইসি','উচ্চ আদালত','আপিল বিভাগ','সিপিএলএ','২১৫৩','২০১৯ ','0000-00-00','সিলেট পাল্প এন্ড পেপার মিলসলিঃ -এর প-অফকৃত কর্মচারীগণকে চাকরিতে পুনর্বহাল সংক্রান্ত মামলা	\r\n','বিসিআইসি','মোঃ ওয়াজি উল্লাহ গং','সৈয়দ কামরুল হোসাইন\r\n০১৭১১২৪৭৮১৬	','0000-00-00','0000-00-00','বিচারাধীন','0000-00-00','আইনজীবী নিয়োগ, ওকালতনামা ও Parawise Comments প্রদান','','','','সিপিএলএ নং-২১৫৩/২০১৯ '),(264,'বিসিআইসি','উচ্চ আদালত','হাইকোর্ট বিভাগ','রিট পিটিশন','২৪২০','২০২০ ','0000-00-00','কর্তৃপক্ষের পে-অফ আদেশে সংক্ষুব্ধ হয়ে অত্র রিট দায়ের করে।	','আব্দুল হান্নান গং','বিসিআইসি','সৈয়দ কামরুল হোসাইন\r\n০১৭১১২৪৭৮১৬	','0000-00-00','0000-00-00','বিচারাধীন','0000-00-00','আইনজীবী নিয়োগ, ওকালতনামা ও Parawise Comments প্রদান\r\n','','','','রিট পিটিশন নং-২৪২০/২০২০ '),(265,'বিসিআইসি','উচ্চ আদালত','আপিল বিভাগ','সিপিএলএ','৩৫৭৫','২০২০ ','0000-00-00','পে-অফ মামলার রায় সংস্থার বিপক্ষে আসায় আপীল দায়ের	সৈ','বিসিআইসি	','আব্দুস সালাম গং','য়দ কামরুল হোসাইন\r\n০১৭১১২৪৭৮১৬	\r\n','0000-00-00','0000-00-00','বিচারাধীন','0000-00-00','আইনজীবী নিয়োগ, ওকালতনামা ও Parawise Comments প্রদান','','','','সিপিএলএ নং-৩৫৭৫/২০২০ '),(266,'বিসিআইসি','উচ্চ আদালত','আপিল বিভাগ','সিপিএলএ','১৩২৭','২০২০ ','0000-00-00','বেতন স্কেল সংক্রান্ত		','বিসিআইসি	','কাশেম শেখ','মোঃ বদরুদ্দোজা ০১৭১১৫৪০০৮৪	','0000-00-00','0000-00-00','বিচারাধীন','0000-00-00','আইনজীবী নিয়োগ, ওকালতনামা ও Parawise Comments প্রদান\r\n','','','','সিপিএলএ নং-১৩২৭/২০২০ '),(267,'বিসিআইসি','উচ্চ আদালত','আপিল বিভাগ','সিপিএলএ','১৪৮০','২০২০','0000-00-00','বেতন স্কেল সংক্রান্ত	','বিসিআইসি','কাশেম শেখ, পেশ ইমাম','সৈয়দ কামরুল হোসাইন\r\n০১৭১১২৪৭৮১৬	','0000-00-00','0000-00-00','বিচারাধীন','0000-00-00','আইনজীবী নিয়োগ, ওকালতনামা ও Parawise Comments প্রদান\r\n','','','','সিপিএলএ নং-১৪৮০/২০২০'),(268,'বিসিআইসি','উচ্চ আদালত','আপিল বিভাগ','সিভিল আপীল','৩৬','২০২০','0000-00-00','পেনশন সংক্রান্ত	','বিসিআইসি','সরদার সামছুল হক গং','মোঃ বদরুদ্দোজা, বার-এট-ল\r\n০১৭১১৫৪০০৮৪	\r\n','0000-00-00','0000-00-00','বিচারাধীন','0000-00-00','Concise Statement দাখিল করা হয়েছে','','','','সিভিল আপীল নং-৩৬/২০২০'),(269,'বিসিআইসি','উচ্চ আদালত','হাইকোর্ট বিভাগ','রিট পিটিশন','৩৭৩৫','২০২০','0000-00-00','কার্যাদেশ মোতাবেক রক ফসফেট সরবরাহ দিতে ব্যর্থ হওয়ায় ব্যাংক গ্যারান্টি বাবদ ১,০৯০০,০০০/- বাজেয়াপ্ত করায় মামলা।	','গ্যালাক্সি ট্রেড ইন্টাঃ','বিসিআইসি','আব্দুন নূর\r\n০১৭১২২৮৯৯৮৪	','0000-00-00','0000-00-00','বিচারাধীন','0000-00-00','আইনজীবী নিয়োগ, ওকালতনামা ও Parawise Comments প্রদান\r\n','','','','রিট পিটিশন নং-৩৭৩৫/২০২০'),(270,'বিসিআইসি','উচ্চ আদালত','আপিল বিভাগ','সিভিল রিভিউ পিটিশন','৭০','২০২০','0000-00-00','পে-অফ সংক্রান্ত রিট পিটিশন নং-৪২৯১/২০০৫ এর রায়ে সংক্ষুব্ধ হয়ে সিপিএলএ নং-৩৫৬৫/২০১৫ দায়ের করা হয়। আদালত সংস্হার পক্ষে লিভ প্রদান করে। পরবর্তীতে তা সিভিল আপীল নং-১০৭/২০১৭ হয়। সিভিল আপীলে সংস্থার পক্ষে রায় হলে মূল মামলার বাদীগণ সিভিল রিভিউ পিটিশন নং-৭০/২০২০ দাখিল করেন।	','বিসিআইসি','নুরুল আবসার গং','ব্যারিস্টার তোফায়েলুর রহমান\r\n০১৮১৯২৫৩১৫৮\r\n\r\n	\r\n','0000-00-00','0000-00-00','বিচারাধীন','0000-00-00','আইনজীবী নিয়োগ ও ওকালতনামা  প্রদান করা হয়েছে।','','','','সিভিল রিভিউ পিটিশন নং-৭০/২০২০'),(271,'বিসিআইসি','উচ্চ আদালত','হাইকোর্ট বিভাগ','রিট পিটিশন','২৫১','২০২০','0000-00-00','চাকুরী সংক্রান্ত	','মোঃ মাসুম হোসাইন','বিসিআইসি	','এস, এম সাখাওয়াত হোসেন\r\n০১৭৪১১৬৪৫১১	\r\n','0000-00-00','0000-00-00','বিচারাধীন','0000-00-00','আইনজীবী নিয়োগ, ওকালতনামা ও Parawise Comments প্রদান','','','','রিট পিটিশন নং-২৫১/২০২০'),(272,'বিসিআইসি','উচ্চ আদালত','হাইকোর্ট বিভাগ','রিট পিটিশন','-১৩৩৬','২০২০','0000-00-00','পে-অফ সংক্রান্ত\r\n','মোঃ মাহবুবুল করিম গং','বিসিআইসি','সৈয়দ কামরুল হোসাইন\r\n০১৭১১২৪৭৮১৬	','0000-00-00','0000-00-00','বিচারাধীন','0000-00-00','আইনজীবী নিয়োগ, ওকালতনামা ও Parawise Comments প্রদান\r\n','','','','রিট পিটিশন নং--১৩৩৬/২০২০'),(273,'বিসিআইসি','উচ্চ আদালত','হাইকোর্ট বিভাগ','রিট পিটিশন','১৩৩৭','২০২০','0000-00-00','পে-অফ সংক্রান্ত	','আমজাদ হোসাইন গং','বিসিআইসি	','সৈয়দ কামরুল হোসাইন\r\n০১৭১১২৪৭৮১৬	\r\n','0000-00-00','0000-00-00','বিচারাধীন','0000-00-00','আইনজীবী নিয়োগ, ওকালতনামা ও Parawise Comments প্রদান','','','','রিট পিটিশন নং-১৩৩৭/২০২০'),(274,'বিসিআইসি','উচ্চ আদালত','হাইকোর্ট বিভাগ','রিট পিটিশন','১৩৩৮','২০২০','0000-00-00','পে-অফ সংক্রান্ত	','আব্দুল মান্নান গং','বিসিআইসি','সৈয়দ কামরুল হোসাইন\r\n০১৭১১২৪৭৮১৬	\r\n','0000-00-00','0000-00-00','বিচারাধীন','0000-00-00','আইনজীবী নিয়োগ, ওকালতনামা ও Parawise Comments প্রদান','','','','রিট পিটিশন নং-১৩৩৮/২০২০'),(275,'বিসিআইসি','উচ্চ আদালত','হাইকোর্ট বিভাগ','রিট পিটিশন','১৩৪৫','২০২০','0000-00-00','শাস্তিমূলক ব্যবস্হা হিসেবে চাকুরি হতে অপসারণের আদেশের বিরূদ্ধে মামলা দায়ের করেন	','মোঃ আমিরুল ইসলাম শেখ (সাদ্দাম)	','বিসিআইসি','ব্যারিস্টার বদরুদ্দোজা\r\n০১৭১১৫৪০০৮৪	','0000-00-00','0000-00-00','বিচারাধীন','0000-00-00','আইনজীবী নিয়োগ, ওকালতনামা ও Parawise Comments প্রদান\r\n','','','','রিট পিটিশন নং-১৩৪৫/২০২০'),(276,'বিসিআইসি','উচ্চ আদালত','হাইকোর্ট বিভাগ','','১০০৬','২০২০','0000-00-00','পদোন্নতি, চাকরির গ্রেড পরিবর্তন, টাইমস্কেল ও অন্যান্য আর্থিক সুবিধাদি থেকে বঞ্চিত হওয়ার কারণে সংক্ষুব্ধ হয়ে মামলা দায়ের করেন।	','কে এম হাসানুজ্জামান, সহঃ শিক্ষক (মান-২)	','বিসিআইসি','ব্যারিস্টার বদরুদ্দোজা\r\n০১৭১১৫৪০০৮৪	','0000-00-00','0000-00-00','বিচারাধীন','0000-00-00','আইনজীবী নিয়োগ, ওকালতনামা ও Parawise Comments প্রদান\r\n','','','',' নং-১০০৬/২০২০'),(277,'বিসিআইসি','উচ্চ আদালত','হাইকোর্ট বিভাগ','রিট পিটিশন','৪৫১৪','২০২০','0000-00-00','চাকুরী সংক্রান্ত	','এ.কে.এম মাজারুল হক মিরন','বিসিআইসি','ব্যারিস্টার বদরুদ্দোজা\r\n০১৭১১৫৪০০৮৪	','0000-00-00','0000-00-00','বিচারাধীন','0000-00-00','আইনজীবী নিয়োগ, ওকালতনামা ও Parawise Comments প্রদান\r\n','','','','রিট পিটিশন নং-৪৫১৪/২০২০'),(278,'বিসিআইসি','উচ্চ আদালত','হাইকোর্ট বিভাগ','রিট পিটিশন','৪৫৮৩','২০২০','0000-00-00','শাস্তি স্বরুপ অবশিষ্ট চাকুরি কালের জন্য পদাবনত করা হলে তিনি সংক্ষুব্ধ হয়ে মামলা দায়ের করেন।	','হারুনুর রশিদ','বিসিআইসি	','এস, এম সাখাওয়াত হোসেন\r\n০১৭৪১১৬৪৫১১	','0000-00-00','0000-00-00','বিচারাধীন','0000-00-00','আইনজীবী নিয়োগ, ওকালতনামা ও Parawise Comments প্রদান\r\n','','','','রিট পিটিশন নং-৪৫৮৩/২০২০'),(279,'বিসিআইসি','উচ্চ আদালত','হাইকোর্ট বিভাগ','রিট পিটিশন','৯৬৩৭','২০২০','0000-00-00','এড-হক কর্মচারীদের চাকুরী স্হায়ীকরণ প্রসঙ্গে	','নিগার সুলতানা রিভা গং','বিসিআইসি','ব্যারিস্টার বদরুদ্দোজা\r\n০১৭১১৫৪০০৮৪	\r\n','0000-00-00','0000-00-00','বিচারাধীন','0000-00-00','আইনজীবী নিয়োগ, ওকালতনামা ও Parawise Comments প্রদান','','','','রিট পিটিশন নং-৯৬৩৭/২০২০'),(280,'বিসিআইসি','উচ্চ আদালত','হাইকোর্ট বিভাগ','রিট পিটিশন','১০৪০৩','২০২০	','0000-00-00','অবসরজনিত আর্থিক সুবিধাদি দাবী করে মামলা দায়ের করেন।	','মোঃ কামরুজ্জামান সংস্থার প্রাক্তন পরিচালক (কারিগরী ও প্রকৌশল)','বিসিআইসি','ব্যারিস্টার বদরুদ্দোজা\r\n০১৭১১৫৪০০৮৪	','0000-00-00','0000-00-00','বিচারাধীন','0000-00-00','আইনজীবী নিয়োগ, ওকালতনামা ও Parawise Comments প্রদান\r\n','','','','রিট পিটিশন নং-১০৪০৩/২০২০	'),(281,'বিসিআইসি','উচ্চ আদালত','হাইকোর্ট বিভাগ','রিট পিটিশন','৭৬০৭','২০২০','0000-00-00','খুলনা নিউজপ্রিন্ট মিলস এর প-অফকৃত কর্মচারীরা পে-অফ আদেশেকে চ্যালেঞ্জ করে মামলা দায়ের করেন।	','মোঃ আজগর আলী গং','বিসিআইসি','সৈয়দ কামরুল হোসাইন\r\n০১৭১১২৪৭৮১৬	','0000-00-00','0000-00-00','বিচারাধীন','0000-00-00','আইনজীবী নিয়োগ, ওকালতনামা ও Parawise Comments প্রদান\r\n','','','','রিট পিটিশন নং-৭৬০৭/২০২০'),(282,'বিসিআইসি','উচ্চ আদালত','হাইকোর্ট বিভাগ','রিট পিটিশন','১০২০৯','২০২০','0000-00-00','অবসর আদেশে সংক্ষুব্ধ হয়ে মামলা দায়ের করেন।	','মোঃ আইন উদ্দিন শেখ','বিসিআইসি','মোহাম্মদ মূর্তজা আলম\r\n০১৭১২৮৩৫২৫৫	','0000-00-00','0000-00-00','বিচারাধীন','0000-00-00','আইনজীবী নিয়োগ, ওকালতনামা ও Parawise Comments প্রদান\r\n','','','','রিট পিটিশন নং-১০২০৯/২০২০'),(283,'বিসিআইসি','উচ্চ আদালত','হাইকোর্ট বিভাগ','এডমিলারিটি স্যুট','২৯','২০২০','0000-00-00','পিটিশনার ২, ৮৬,০১,৬৭৯ টাকার ক্ষতিপূরণ দাবী করে M V HAYATU SHABA (M-7072)-কে ১নং বিবাদী মামলাটি দায়ের করেছে।  বিসিআইসি ৭নং প্র-ফরমা বিবাদী।	   ','বাল্ক ট্রেড ইন্টারন্যাশনাল','বিসিআইসি','দি লিগ্যাল  স্যাংচুয়ারি\r\n   ০১৭১১৮৯৬১৩৫	','0000-00-00','0000-00-00','বিচারাধীন','0000-00-00','আইনজীবী নিয়োগ, ওকালতনামা ও Parawise Comments প্রদান\r\n','','','','এডমিলারিটি স্যুট নং-২৯/২০২০'),(284,'বিসিআইসি','উচ্চ আদালত','হাইকোর্ট বিভাগ','রিট পিটিশন','১৩৩৬','২০২০','0000-00-00','পে-অফ সংক্রান্ত	','মাহবুবুল করিম','বিসিআইসি','সৈয়দ কামরুল হোসাইন\r\n০১৭১১২৪৭৮১৬	','0000-00-00','0000-00-00','বিচারাধীন','0000-00-00','আইনজীবী নিয়োগ, ওকালতনামা ও Parawise Comments প্রদান\r\n','','','','রিট পিটিশন নং-১৩৩৬/২০২০'),(285,'বিসিআইসি','উচ্চ আদালত','হাইকোর্ট বিভাগ','রিট পিটিশন','৬২৭','২০২০','0000-00-00',' দৈনিক দেশ জনতা কর্তৃক দায়েরকৃত রীট পিটিশন ৮৩১৮/১৮ রায়ে সংক্ষুব্ধ হয়ে সংস্থা বর্নিত মামলাটি দায়ের করে	','বিসিআইসি','জনাব তানভীর আহমেদ, নির্বাহী সম্পাদক, দৈনিক দেশ জনতা','আশরাফ উদ্দিন এন্ড এসোসিয়েটস্ ০১৭১৩৪৫২৫১৯	','0000-00-00','0000-00-00','বিচারাধীন','0000-00-00','আইনজীবী নিয়োগ, ওকালতনামা ও Parawise Comments প্রদান','','','','রিট পিটিশন নং-৬২৭/২০২০'),(286,'বিসিআইসি','উচ্চ আদালত','হাইকোর্ট বিভাগ','রিট পিটিশন','৮১২৬','২০২১','0000-00-00','চাকরিতে যোগদানের তারিখ হতে পে-অফকালীন সময় পর্যন্ত বকেয়া বেতন ও অন্যান্য সুবিধাদি পরিশোধের দাবীতে মামলা দায়ের করেন।	','আশরাফুল হক','বিসিআইসি','সৈয়দ কামরুল হোসাইন\r\n০১৭১১২৪৭৮১৬	ন\r\n','0000-00-00','0000-00-00','বিচারাধীন','0000-00-00','আইনজীবী নিয়োগ, ওকালতনামা ও Parawise Comments প্রদা','','','','রিট পিটিশন নং-৮১২৬/২০২১'),(287,'বিসিআইসি','','','','৮১২৫','২০২১','0000-00-00','নর্থ বেঙ্গল পেপারে মিলস এর পে-অফকৃত মৃত শ্রমিক কর্মচারীর ওয়ারিশানগণ উক্ত পে-অফকৃত শ্রমিক কর্মচারীর চাকরিতে যোগদানের তারিখ হতে পে-অফকালীন সময় পর্যন্ত বকেয়া বেতন ও অন্যান্য সুবিধাদি পরিশোধের দাবীতে মামলা দায়ের করেন।	','মোঃ গোলাম মোস্তফা গং','বিসিআইসি','সৈয়দ কামরুল হোসাইন\r\n০১৭১১২৪৭৮১৬	','0000-00-00','0000-00-00','বিচারাধীন','0000-00-00','আইনজীবী নিয়োগ, ওকালতনামা ও Parawise Comments প্রদান\r\n','','','',' নং-৮১২৫/২০২১'),(288,'বিসিআইসি','উচ্চ আদালত','হাইকোর্ট বিভাগ','রিট পিটিশন','৮২০৮','২০২১	','0000-00-00','বেতন, বোনাস ও অন্যান্য সুবিধাদি দাবী করে মামলা দায়ের করেন।	','মোঃ নুরুল আমীন সরদার','বিসিআইসি','সৈয়দ কামরুল হোসাইন\r\n০১৭১১২৪৭৮১৬	','0000-00-00','0000-00-00','বিচারাধীন','0000-00-00','আইনজীবী নিয়োগ, ওকালতনামা ও Parawise Comments প্রদান\r\n','','','','রিট পিটিশন নং-৮২০৮/২০২১	'),(289,'বিসিআইসি','উচ্চ আদালত','হাইকোর্ট বিভাগ','রিট পিটিশন','৮০৯৬','২০২১','0000-00-00','চাকরিতে যোগদানের তারিখ হতে পে  অফকালীন সময় পর্যন্ত বকেয়া বেতন ও অন্যান্য সুবিধাদি পরিশোধের দাবীতে মামলা দায়ের করেন।	','মোঃ রফিকুল ইসলাম','বিসিআইসি','সৈয়দ কামরুল হোসাইন\r\n০১৭১১২৪৭৮১৬	\r\n','0000-00-00','0000-00-00','বিচারাধীন','0000-00-00','আইনজীবী নিয়োগ, ওকালতনামা ও Parawise Comments প্রদান','','','','রিট পিটিশন নং-৮০৯৬/২০২১'),(290,'বিসিআইসি','উচ্চ আদালত','হাইকোর্ট বিভাগ','রিট পিটিশন',' ৯৬৩২','২০২১','0000-00-00','পে  অফ সংক্রান্ত	','মোঃ সাহাব উদ্দিন গং','বিসিআইসি','সৈয়দ কামরুল হোসাইন\r\n০১৭১১২৪৭৮১৬	','0000-00-00','0000-00-00','বিচারাধীন','0000-00-00','আইনজীবী নিয়োগ, ওকালতনামা ও Parawise Comments প্রদান\r\n','','','','রিট পিটিশন নং- ৯৬৩২/২০২১'),(291,'বিসিআইসি','উচ্চ আদালত','হাইকোর্ট বিভাগ','রিট পিটিশন','৯৯৫','২০২১','0000-00-00','চাকুরি সংক্রান্ত		\r\n','মোঃ ফজলুল হক','বিসিআইসি','মোহাম্মদ মূর্তজা আলম\r\n০১৭১২৮৩৫২৫৫','0000-00-00','0000-00-00','বিচারাধীন','0000-00-00','আইনজীবী নিয়োগ, ওকালতনামা ও Parawise Comments প্রদান','','','','রিট পিটিশন নং-৯৯৫/২০২১'),(292,'বিসিআইসি','উচ্চ আদালত','','','৪৩৪৩','২০২১	','0000-00-00','চাকুরির পেনশন ও অন্যান্য সুবিধা সংক্রান্ত	','অমিতা দত্ত','বিসিআইসি','ব্যারিস্টার বদরুদ্দোজা\r\n০১৭১১৫৪০০৮৪	','0000-00-00','0000-00-00','বিচারাধীন','0000-00-00','আইনজীবী নিয়োগ, ওকালতনামা ও Parawise Comments প্রদান\r\n','','','',' নং-৪৩৪৩/২০২১	'),(293,'বিসিআইসি','উচ্চ আদালত','হাইকোর্ট বিভাগ','রিট পিটিশন','৪০৩৭','২০২১','0000-00-00','খুলনা নিউজপ্রিন্ট মিলস এর পে- অফকৃত কর্মচারীরা আর্থিক সুবিধাদি দাবী করে মামলা দায়ের করেন।	\r\n','মোঃ বাবুল খান','বিসিআইসি','সৈয়দ কামরুল হোসাইন\r\n০১৭১১২৪৭৮১৬	','0000-00-00','0000-00-00','বিচারাধীন','0000-00-00','আইনজীবী নিয়োগ, ওকালতনামা ও Parawise Comments প্রদান','','','','রিট পিটিশন নং-৪০৩৭/২০২১'),(294,'বিসিআইসি','উচ্চ আদালত','হাইকোর্ট বিভাগ','রিট পিটিশন',' ১১৪৫৮','২০২১','0000-00-00','চাকুরিতে অন্যান্য সুবিধাসহ নিয়মিতকরণের জন্য মামলা দায়ের করেন।	','সবিতা বড়ুয়া','বিসিআইসি','ব্যারিষ্টার বদরোদ্দজা\r\n০১৭১১৫৪০০৮৪	\r\n','0000-00-00','0000-00-00','বিচারাধীন','0000-00-00','আইনজীবী নিয়োগ, ওকালতনামা ও Parawise Comments প্রদান','','','','রিট পিটিশন নং- ১১৪৫৮/২০২১'),(295,'বিসিআইসি','উচ্চ আদালত','হাইকোর্ট বিভাগ','রিট পিটিশন',' ৬১৬২','২০২১','0000-00-00','পে  অফ আদেশকে চ্যালেঞ্জ করে তিনি রিট পিটিশন দায়ের করেন।	','মোঃ আফতাকার আহমেদ মজুমদার গং','বিসিআইসি','ব্যারিস্টার আশরাফ\r\n০১৭১৩৪৫২৫১৯	','0000-00-00','0000-00-00','বিচারাধীন','0000-00-00','আইনজীবী নিয়োগ, ওকালতনামা ও Parawise Comments প্রদান\r\n','','','','রিট পিটিশন নং- ৬১৬২/২০২১'),(296,'বিসিআইসি','উচ্চ আদালত','হাইকোর্ট বিভাগ','রিট পিটিশন',' ৫৬০৬','২০২১	','0000-00-00','কৃষি মন্ত্রণালয়ের সিদ্ধান্ত অনুযায়ী জুলাই, ২০২১খ্রি. হতে বিসিআইসি’র কারখানায় উৎপাদিত TSP, DAP সার বাফার গুদাম হতে ডিলারদের বিতরণ করার সিদ্ধান্তের কারণে	','এম, রেজাউল করিম গং','বিসিআইসি','আশরাফ উদ্দিন এন্ড এসোসিয়েটস্ ০১৭১৩৪৫২৫১৯	\r\n','0000-00-00','0000-00-00','বিচারাধীন','0000-00-00','আইনজীবী নিয়োগ, ওকালতনামা ও Parawise Comments প্রদান','','','','রিট পিটিশন নং- ৫৬০৬/২০২১	'),(297,'বিসিআইসি','উচ্চ আদালত','হাইকোর্ট বিভাগ','এডমিলারিটি স্যুট','০৫','২০২১','0000-00-00','আমদানিকৃত ইউরিয়া সার পরিবহন সংক্রান্ত	','এম ভি এলমা লোকাল এজেন্ট  মেসার্স নবান এন্ড কোং','বিসিআইসি','আব্দুন নূর\r\n০১৭১২২৮৯৯৮৪\r\n','0000-00-00','0000-00-00','বিচারাধীন','0000-00-00','আইনজীবী নিয়োগ, ওকালতনামা ও Parawise Comments প্রদান','','','','এডমিলারিটি স্যুট নং-০৫/২০২১'),(298,'বিসিআইসি','উচ্চ আদালত','হাইকোর্ট বিভাগ','রিট পিটিশন','৬২৮৫','২০২১','0000-00-00','এএএ শিপিং ইন্টারন্যাশনাল (এম), মালেশিয়া এবং তার লোকাল এজেন্ট নবাব এন্ড কোং কে বাংলাদেশ শিপিং কর্পোরেশন ২৩/০৬/২০২১খ্রি. তারিখে এক পত্রে টেন্ডারে অংশগ্রহণের ক্ষেত্রে ০৩ মাসের জন্য Debar করায় মামলা।	','এএএ শিপিং ইন্টারন্যাশনাল (এম), মালেশিয়া  এর পক্ষে লোকাল এজেন্ট নবাব এন্ড কোং','বিসিআইসি','আব্দুন নূর\r\n০১৭১২২৮৯৯৮৪	','0000-00-00','0000-00-00','বিচারাধীন','0000-00-00','আইনজীবী নিয়োগ, ওকালতনামা ও Parawise Comments প্রদান\r\n','','','','রিট পিটিশন নং-৬২৮৫/২০২১'),(299,'বিসিআইসি','উচ্চ আদালত','আপিল বিভাগ','সিপিএলএ','৫৪৭','২০২১','0000-00-00','ব্যাংক গ্যারান্টি বাবদ ৩৩১,২৫০ মার্কিন ডলার বাজেয়াপ্ত করায় মামলা	','কমফোর্ট ট্রেডিং ইন্টারন্যাশনাল','বিসিআইসি	','মোঃ বদরুদ্দোজা ০১৭১১৫৪০০৮৪	\r\n','0000-00-00','0000-00-00','বিচারাধীন','0000-00-00','আইনজীবী নিয়োগ, ওকালতনামা ও Parawise Comments প্রদান','','','','সিপিএলএ নং-৫৪৭/২০২১'),(300,'বিসিআইসি','উচ্চ আদালত','হাইকোর্ট বিভাগ','এডমিলারিটি স্যুট','৩৫','২০২১','0000-00-00','চুক্তি মোতাবেক সাগরশীপ সার  খালাস না করায় এবং চার্টার পার্টিকে ফ্রেইট পরিশোধ না করার আর্জি জানিয়ে মামলা।	আ','সাউথ আটলান্টিক শিপিং লি.','বিসিআইসি','ব্দুন নূর\r\n০১৭১২২৮৯৯৮৪	\r\n','0000-00-00','0000-00-00','বিচারাধীন','0000-00-00','আইনজীবী নিয়োগ, ওকালতনামা ও Parawise Comments প্রদান','','','','এডমিলারিটি স্যুট নং-৩৫/২০২১'),(301,'বিসিআইসি','উচ্চ আদালত','আপিল বিভাগ','সিপিএলএ','৫৪৭','২০২১','0000-00-00','২০০৬ খ্রি. এ ১২, ৫০০ মে. টন ইউরিয়া সার আমদানির জন্য কমফোর্ট ট্রেডিং ইন্টারন্যাশনাল  কে কার্যাদেশ প্রদান করা হয়। কার্যাদেশের শর্ত মোতাবেক যথাসময়ে সার সরবরাহ না দিতে পারায় কার্যাদেশ বাতিল এবং পিজি বাবদ ৩৩১,২৫০.০০ মার্কিন ডলার বাজেয়াপ্ত করায় মামলা।	','মেসার্স কমফোর্ট ট্রেডিং ইন্টারন্যাশনাল','বিসিআইসি	','মোঃ বদরুদ্দোজা ০১৭১১৫৪০০৮৪	\r\n','0000-00-00','0000-00-00','বিচারাধীন','0000-00-00','আইনজীবী নিয়োগ, ওকালতনামা ও Parawise Comments প্রদান','','','','সিপিএলএ নং-৫৪৭/২০২১'),(302,'বিসিআইসি','উচ্চ আদালত','হাইকোর্ট বিভাগ','রিট পিটিশন','৪১১০','২০২১','0000-00-00','নিরাপত্তা জামানত বাজেয়াপ্ত করায় মামলার উদ্ভব	','মেসার্স নবাব এন্ড কোং','বিসিআইসি	 ','মোঃ বদরুদ্দোজা \r\n০১৭১১৫৪০০৮৪	','0000-00-00','0000-00-00','বিচারাধীন','0000-00-00','আইনজীবী নিয়োগ, ওকালতনামা ও Parawise Comments প্রদান\r\n','','','','রিট পিটিশন নং-৪১১০/২০২১'),(303,'বিসিআইসি','উচ্চ আদালত','হাইকোর্ট বিভাগ','রিট পিটিশন',' ৪৭৩৭','২০২১	','0000-00-00','পে  অফ সংক্রান্ত মামলা	','মোঃ নুরুল ইসলাম গং','বিসিআইসি	','সৈয়দ কামরুল হোসাইন\r\n০১৭১১২৪৭৮১৬	\r\n','0000-00-00','0000-00-00','বিচারাধীন','0000-00-00','আইনজীবী নিয়োগ, ওকালতনামা ও Parawise Comments প্রদান','','','','রিট পিটিশন নং- ৪৭৩৭/২০২১	'),(304,'বিসিআইসি','উচ্চ আদালত','হাইকোর্ট বিভাগ','রিট পিটিশন','৭০৮৩','২০২১','0000-00-00','পে  অফ সংক্রান্ত মামলা	','জনাব আলী গং','বিসিআইসি','সৈয়দ কামরুল হোসাইন\r\n০১৭১১২৪৭৮১৬	','0000-00-00','0000-00-00','বিচারাধীন','0000-00-00','আইনজীবী নিয়োগ, ওকালতনামা ও Parawise Comments প্রদান\r\n','','','','রিট পিটিশন নং-৭০৮৩/২০২১'),(305,'বিসিআইসি','উচ্চ আদালত','হাইকোর্ট বিভাগ','রিট পিটিশন','৯৩২৮','২০২১','0000-00-00','পে  অফ সংক্রান্ত মামলা	','আবুল করিম','বিসিআইসি','সৈয়দ কামরুল হোসাইন\r\n০১৭১১২৪৭৮১৬	','0000-00-00','0000-00-00','বিচারাধীন','0000-00-00','আইনজীবী নিয়োগ, ওকালতনামা ও Parawise Comments প্রদান\r\n','','','','রিট পিটিশন নং-৯৩২৮/২০২১'),(306,'বিসিআইসি','উচ্চ আদালত','হাইকোর্ট বিভাগ','রিট পিটিশন','  ১০১৪','২০২১','0000-00-00','পে  অফ সংক্রান্ত মামলা	','আব্দুল্লাহ মোহাম্মদ ইছা','বিসিআইসি','সৈয়দ কামরুল হোসাইন\r\n০১৭১১২৪৭৮১৬	','0000-00-00','0000-00-00','বিচারাধীন','0000-00-00','আইনজীবী নিয়োগ, ওকালতনামা ও Parawise Comments প্রদান\r\n','','','','রিট পিটিশন নং-  ১০১৪/২০২১'),(307,'বিসিআইসি','উচ্চ আদালত','হাইকোর্ট বিভাগ','রিট পিটিশন',' ৮৪৩১','২০২১','0000-00-00','পেনশন সংক্রান্ত','ডা. মাসুদা বেগম','বিসিআইসি	',' মোঃ বদরুদ্দোজা ০১৭১১৫৪০০৮৪	','0000-00-00','0000-00-00','বিচারাধীন','0000-00-00','আইনজীবী নিয়োগ, ওকালতনামা ও Parawise Comments প্রদান','','','','রিট পিটিশন নং- ৮৪৩১/২০২১'),(308,'বিসিআইসি','উচ্চ আদালত','হাইকোর্ট বিভাগ','রিট পিটিশন','১১৬৫২','২০২১	','0000-00-00','পে  অফ সংক্রান্ত মামলা		','মোঃ গোলাম সাব্বির খান','বিসিআইসি','সৈয়দ কামরুল হোসাইন\r\n০১৭১১২৪৭৮১৬	','0000-00-00','0000-00-00','বিচারাধীন','0000-00-00','আইনজীবী নিয়োগ, ওকালতনামা ও Parawise Comments প্রদান\r\n','','','','রিট পিটিশন নং-১১৬৫২/২০২১	'),(309,'বিসিআইসি','উচ্চ আদালত','হাইকোর্ট বিভাগ','রিট পিটিশন','১৫০','২০২২	','0000-00-00','সার পরিবহন সংক্রান্ত	','এএএ শিপিং','বিসিআইসি','বি আহম্মেদ এন্ড কোং\r\n০১৮১১৯০৯০৯০	','0000-00-00','0000-00-00','বিচারাধীন','0000-00-00','আইনজীবী নিয়োগ, ওকালতনামা ও Parawise Comments প্রদান\r\n','','','','রিট পিটিশন নং-১৫০/২০২২	'),(310,'বিসিআইসি','উচ্চ আদালত','হাইকোর্ট বিভাগ','রিট পিটিশন','  ৪০৩','২০২২','0000-00-00','বিআইএসএফ এর ভূমি সংক্রান্ত	','মোস্তাফিজুর রহমান','বিসিআইসি','এস, এম সাখাওয়াত হোসেন\r\n০১৭৪১১৬৪৫১১	','0000-00-00','0000-00-00','বিচারাধীন','0000-00-00','আইনজীবী নিয়োগ, ওকালতনামা ও Parawise Comments প্রদান\r\n','','','','রিট পিটিশন নং-  ৪০৩/২০২২'),(311,'বিসিআইসি','উচ্চ আদালত','হাইকোর্ট বিভাগ','রিট পিটিশন',' ১২০৭৬','২০২২','0000-00-00','চাকরি সংক্রান্ত	','মোঃ আমীর হোসেন','বিসিআইসি','মোঃ বদরুদ্দোজা ০১৭১১৫৪০০৮৪	','0000-00-00','0000-00-00','বিচারাধীন','0000-00-00','আইনজীবী নিয়োগ, ওকালতনামা ও Parawise Comments প্রদান','','','','রিট পিটিশন নং- ১২০৭৬/২০২২'),(312,'বিসিআইসি','উচ্চ আদালত','হাইকোর্ট বিভাগ','',' ৩৫৯','২০২২','0000-00-00','চাকরি সংক্রান্ত	','হূমায়ূন কবির সুমন','বিসিআইসি','মোঃ বদরুদ্দোজা ০১৭১১৫৪০০৮৪	','0000-00-00','0000-00-00','বিচারাধীন','0000-00-00','আইনজীবী নিয়োগ, ওকালতনামা ও Parawise Comments প্রদান','','','',' নং- ৩৫৯/২০২২'),(313,'বিসিআইসি','উচ্চ আদালত','হাইকোর্ট বিভাগ','রিট পিটিশন',' ৪৩৫২','২০২২','0000-00-00','মেরিন সার্ভেয়ার নিয়োগ সংক্রান্ত','খুরশেদ আলম','বিসিআইসি','এস, এম সাখাওয়াত হোসেন	','0000-00-00','0000-00-00','বিচারাধীন','0000-00-00','আইনজীবী নিয়োগ, ওকালতনামা ও Parawise Comments প্রদান','','','','রিট পিটিশন নং- ৪৩৫২/২০২২'),(314,'বিসিআইসি','উচ্চ আদালত','হাইকোর্ট বিভাগ','রিট পিটিশন','২৪৪৪','২০২২','0000-00-00','চাকরি সংক্রান্ত	','হারুনুর রশিদ, সহঃ কারিগরি কর্মকর্তা জেএফসিএল','বিসিআইসি	','মোঃ বদরুদ্দোজা ০১৭১১৫৪০০৮৪	','0000-00-00','0000-00-00','বিচারাধীন','0000-00-00','আইনজীবী নিয়োগ, ওকালতনামা ও Parawise Comments প্রদান','','','','রিট পিটিশন নং-২৪৪৪/২০২২'),(315,'বিসিআইসি','উচ্চ আদালত','হাইকোর্ট বিভাগ','রিট পিটিশন',' ৫১৩৪','২০২২	','0000-00-00','পে  অফ সংক্রান্ত	','আমীরুল ইসলাম','বিসিআইসি','সৈয়দ কামরুল হোসাইন\r\n০১৭১১২৪৭৮১৬	\r\n','0000-00-00','0000-00-00','বিচারাধীন','0000-00-00','আইনজীবী নিয়োগ, ওকালতনামা ও Parawise Comments প্রদান','','','','রিট পিটিশন নং- ৫১৩৪/২০২২	'),(316,'বিসিআইসি','উচ্চ আদালত','হাইকোর্ট বিভাগ','রিট পিটিশন',' ৭২১৮','২০২২','0000-00-00','এডহক নিয়োগ স্থায়ীকরণ সংক্রান্ত	','প্রীতম বড়ুয়া','বিসিআইসি','মোঃ বদরুদ্দোজা \r\n০১৭১১৫৪০০৮৪	','0000-00-00','0000-00-00','বিচারাধীন','0000-00-00','আইনজীবী নিয়োগ, ওকালতনামা ও Parawise Comments প্রদান','','','','রিট পিটিশন নং- ৭২১৮/২০২২'),(317,'বিসিআইসি','উচ্চ আদালত','হাইকোর্ট বিভাগ','রিট পিটিশন','  ৭৫৩','২০২২','0000-00-00','অস্থায়ী চাকরি স্থায়ীকরণ সংক্রান্ত মামলা	','জসিম উদ্দিন','বিসিআইসি	','মোঃ বদরুদ্দোজা \r\n০১৭১১৫৪০০৮৪	','0000-00-00','0000-00-00','বিচারাধীন','0000-00-00','আইনজীবী নিয়োগ, ওকালতনামা ও Parawise Comments প্রদান','','','','রিট পিটিশন নং-  ৭৫৩/২০২২'),(318,'বিসিআইসি','উচ্চ আদালত','হাইকোর্ট বিভাগ','রিট পিটিশন',' ৭২২৬','২০২২	','0000-00-00','সার ডিলারশীপ সংক্রান্ত	এ','কামাল হোসেন','সচিব, কৃষি মন্ত্রণালয় ও অন্যান্য','ড. মোঃ মর্তুজা আলম\r\n০১৭১২৮৩৫২৫৫	','0000-00-00','0000-00-00','বিচারাধীন','0000-00-00','আইনজীবী নিয়োগ, ওকালতনামা ও Parawise Comments প্রদান\r\n','','','','রিট পিটিশন নং- ৭২২৬/২০২২	'),(319,'বিসিআইসি','উচ্চ আদালত','হাইকোর্ট বিভাগ','রিট পিটিশন','৭৮১০','২০২২','0000-00-00','ভেজাল টিএসপি সার পরিবহন করায় নিরাপত্তা জামানত বাজেয়াপ্ত করা হলে বাদী উক্ত মামলা দায়ের করে।	','সৈয়দ এন্টারপ্রাইজ','বিসিআইসি','মোঃ বদরুদ্দোজা ০১৭১১৫৪০০৮৪	','0000-00-00','0000-00-00','বিচারাধীন','0000-00-00','আইনজীবী নিয়োগ, ওকালতনামা ও Parawise Comments প্রদান','','','','রিট পিটিশন নং-৭৮১০/২০২২'),(320,'বিসিআইসি','উচ্চ আদালত','হাইকোর্ট বিভাগ','রিট পিটিশন',' ৭৭৯২','২০২২','0000-00-00','প্রকাশিত নিয়োগ বিজ্ঞপ্তিকে চ্যালেঞ্জ করে মামলা দায়ের 	','এ কে এম জহিরুল উসলাম গং','বিসিআইসি	','মোঃ বদরুদ্দোজা ০১৭১১৫৪০০৮৪	','0000-00-00','0000-00-00','বিচারাধীন','0000-00-00','আইনজীবী নিয়োগ, ওকালতনামা ও Parawise Comments প্রদান','','','','রিট পিটিশন নং- ৭৭৯২/২০২২'),(321,'বিসিআইসি','উচ্চ আদালত','হাইকোর্ট বিভাগ','কনটেম্পট পিটিশন','৬৫','২০২৩','0000-00-00','পে  অফ সংক্রান্ত	','নন্দদুলাল বড়ুয়া গং','বিসিআইসি','সৈয়দ কামরুল হোসেন	','0000-00-00','0000-00-00','বিচারাধীন','0000-00-00','আইনজীবী নিয়োগ, ওকালতনামা ও Parawise Comments প্রদান','','','','কনটেম্পট পিটিশন নং-৬৫/২০২৩'),(322,'বিসিআইসি','উচ্চ আদালত','হাইকোর্ট বিভাগ','রিট পিটিশন','  ১৪২৯৯','২০২২','0000-00-00','দৈনিক ভিত্তিক চাকরি স্থয়ীকরণ সংক্রান্ত	','আরিফ জামিল','বিসিআইসি','মোঃ বদরুদ্দোজা ০১৭১১৫৪০০৮৪	','0000-00-00','0000-00-00','বিচারাধীন','0000-00-00','আইনজীবী নিয়োগ, ওকালতনামা ও Parawise Comments প্রদান','','','','রিট পিটিশন নং-  ১৪২৯৯/২০২২'),(323,'বিসিআইসি','উচ্চ আদালত','হাইকোর্ট বিভাগ','রিট পিটিশন',' ১০২৭১','২০২২','0000-00-00','সার ডিলারশীপ সংক্রান্ত	','জসিম উদ্দিন','বিসিআইসি	','এড. মোঃ মর্তুজা আলম\r\n০১৭১২৮৩৫২৫৫	\r\n','0000-00-00','0000-00-00','বিচারাধীন','0000-00-00','আইনজীবী নিয়োগ, ওকালতনামা ও Parawise Comments প্রদান','','','','রিট পিটিশন নং- ১০২৭১/২০২২'),(324,'বিসিআইসি','উচ্চ আদালত','হাইকোর্ট বিভাগ','রিট পিটিশন',' ১৫১০৮','২০২২','0000-00-00','সার ডিলারশীপ সংক্রান্ত	এড','রেজাউল করিম ','সচিব, কৃষি মন্ত্রণালয় ও অন্যান্য','. মোঃ মর্তুজা আলম\r\n০১৭১২৮৩৫২৫৫	','0000-00-00','0000-00-00','বিচারাধীন','0000-00-00','আইনজীবী নিয়োগ, ওকালতনামা ও Parawise Comments প্রদান\r\n','','','','রিট পিটিশন নং- ১৫১০৮/২০২২'),(325,'বিসিআইসি','উচ্চ আদালত','হাইকোর্ট বিভাগ','রিট পিটিশন','১৬১৩৩','২০২২	','0000-00-00','সার ডিলারশীপ সংক্রান্ত	এ','আশরাফুল আলম','বিসিআইসি','ড. মোঃ মর্তুজা আলম\r\n০১৭১২৮৩৫২৫৫	\r\n','0000-00-00','0000-00-00','বিচারাধীন','0000-00-00','আইনজীবী নিয়োগ, ওকালতনামা ও Parawise Comments প্রদান','','','','রিট পিটিশন নং-১৬১৩৩/২০২২	'),(326,'বিসিআইসি','উচ্চ আদালত','হাইকোর্ট বিভাগ','রিট পিটিশন',' ১৩৮০০','২০২২','0000-00-00','সার ডিলারশীপ সংক্রান্ত	','আব্দুল মজিদ','সচিব, কৃষি মন্ত্রণালয় ও অন্যান্য','এড. মোঃ মর্তুজা আলম\r\n০১৭১২৮৩৫২৫৫	','0000-00-00','0000-00-00','বিচারাধীন','0000-00-00','আইনজীবী নিয়োগ, ওকালতনামা ও Parawise Comments প্রদান\r\n','','','','রিট পিটিশন নং- ১৩৮০০/২০২২'),(327,'বিসিআইসি','উচ্চ আদালত','হাইকোর্ট বিভাগ','রিট পিটিশন','  ১৫২৩৯','২০২২','0000-00-00','সার ডিলারশীপ সংক্রান্ত	','আকবর আলী','বিসিআইসি','এড. মোঃ মর্তুজা আলম\r\n০১৭১২৮৩৫২৫৫	','0000-00-00','0000-00-00','বিচারাধীন','0000-00-00','আইনজীবী নিয়োগ, ওকালতনামা ও Parawise Comments প্রদান\r\n','','','','রিট পিটিশন নং-  ১৫২৩৯/২০২২'),(328,'বিসিআইসি','উচ্চ আদালত','হাইকোর্ট বিভাগ','রিট পিটিশন',' ১৫২৩৮','২০২২','0000-00-00','সার ডিলারশীপ সংক্রান্ত	','আকবর আলী','বিসিআইসি','এড. মোঃ মর্তুজা আলম\r\n০১৭১২৮৩৫২৫৫	','0000-00-00','0000-00-00','বিচারাধীন','0000-00-00','আইনজীবী নিয়োগ, ওকালতনামা ও Parawise Comments প্রদান\r\n','','','','রিট পিটিশন নং- ১৫২৩৮/২০২২'),(329,'বিসিআইসি','উচ্চ আদালত','হাইকোর্ট বিভাগ','রিট পিটিশন',' ১৪৭৭০','২০২২','0000-00-00','দৈনিক ভিত্তিক চাকরি স্থয়ীকরণ সংক্রান্ত	','সৈয়দ আসলাম আলী','বিসিআইসি	','মোঃ বদরুদ্দোজা ০১৭১১৫৪০০৮৪	','0000-00-00','0000-00-00','বিচারাধীন','0000-00-00','আইনজীবী নিয়োগ, ওকালতনামা ও Parawise Comments প্রদান','','','','রিট পিটিশন নং- ১৪৭৭০/২০২২'),(330,'বিসিআইসি','উচ্চ আদালত','হাইকোর্ট বিভাগ','রিট পিটিশন','  ১২৭২৮','২০২২	','0000-00-00','পেনশন প্রদানের দাবীতে মামলা দায়ের	','মিজানুর রহমান','বিসিআইসি	','মোঃ বদরুদ্দোজা ০১৭১১৫৪০০৮৪	','0000-00-00','0000-00-00','বিচারাধীন','0000-00-00','আইনজীবী নিয়োগ, ওকালতনামা ও Parawise Comments প্রদান\r\n','','','','রিট পিটিশন নং-  ১২৭২৮/২০২২	'),(331,'বিসিআইসি','উচ্চ আদালত','আপিল বিভাগ','সিপিএলএ','১৪১২','২০২২','0000-00-00','কার্যাদেশের শর্ত মোতাবেক মনসুর এন্ড ব্রাদার্স ৮৭,৫০০ মে. টন সার সরবরাহ করতে ব্যর্থ হওয়ায় পি.জি বাবদ ৫,২৭,৮১২ মার্কিন ডলার বাজেয়াপ্ত করা হলে (আরবিট্রেশন মিস কেস নং  ৬৮৯/২০১১ দায়ের করে। উক্ত মামলার রায় বাদীর পক্ষে হলে সংস্থা উক্ত রায়ের বিরুদ্ধে এফএমএটি ৫৭০/২০১৫ দায়ের করে। উক্ত রায় সংস্থার বিরুদ্ধে হলে সংস্থা সিপিএলএ নং   ১৪১২/২০২২ দায়ের করে।	','বিসিআইসি','মনসুর এন্ড বাদ্রার্স','এ এম শওকতুল হক\r\n০১৭১১৭০৯৩৬১	','0000-00-00','0000-00-00','বিচারাধীন','0000-00-00','আইনজীবী নিয়োগ, ওকালতনামা ও Parawise Comments প্রদান\r\n','','','','সিপিএলএ নং-১৪১২/২০২২'),(332,'বিসিআইসি','উচ্চ আদালত','আপিল বিভাগ','সিপিএলএ','১৪১৩','২০২২ ','0000-00-00','৫৪, দিলকুশা বা/এ (৪র্থ তলা)	কার্যাদেশের শর্ত মোতাবেক মনসুর এন্ড ব্রাদার্স ৮৭,৫০০ মে. টন সার সরবরাহ করতে ব্যর্থ হওয়ায় পিজি বাবদ ৪,০২,২০০ মা. ড. বাজেয়াপ্ত করা হলে (আরবিট্রেশন মিস কেস নং  ৬৯০/২০১১ দায়ের করে। উক্ত মামলার রায় বাদীর পক্ষে হলে সংস্থা উক্ত রায়ের বিরুদ্ধে এফএমএটি ৫৭১/২০১৫ দায়ের করে। উক্ত রায় সংস্থার বিরুদ্ধে হলে সংস্থা সিপিএলএ নং   ১৪১৩/২০২২ দায়ের করে।	\r\n','বিসিআইসি	','মনসুর এন্ড বাদ্রার্স','এ এম শওকতুল হক\r\n০১৭১১৭০৯৩৬১	','0000-00-00','0000-00-00','বিচারাধীন','0000-00-00','আইনজীবী নিয়োগ, ওকালতনামা ও Parawise Comments প্রদান','','','','সিপিএলএ নং-১৪১৩/২০২২ '),(333,'বিসিআইসি','উচ্চ আদালত','আপিল বিভাগ','সিপিএলএ',' ১৪৬৭','২০২২','0000-00-00','কার্যাদেশের শর্ত মোতাবেক মনসুর এন্ড ব্রাদার্স ৮৭,৫০০ মে. টন সার সরবরাহ করতে ব্যর্থ হওয়ায় পিজি বাবদ ৩,৯৯,৬৫০ মা. ড. বাজেয়াপ্ত করা হলে (আরবিট্রেশন মিস কেস নং  ৬৯১/২০১১ দায়ের করে। উক্ত মামলার রায় বাদীর পক্ষে হলে সংস্থা উক্ত রায়ের বিরুদ্ধে এফএমএটি ৫৭২/২০১৫ দায়ের করে। উক্ত রায় সংস্থার বিরুদ্ধে হলে সংস্থা সিপিএলএ নং   ১৪৬৭/২০২২ দায়ের করে।	\r\n','বিসিআইসি','মনসুর এন্ড বাদ্রার্স','এ এম শওকতুল হক\r\n০১৭১১৭০৯৩৬১	','0000-00-00','0000-00-00','বিচারাধীন','0000-00-00','আইনজীবী নিয়োগ, ওকালতনামা ও Parawise Comments প্রদান','','','','সিপিএলএ নং- ১৪৬৭/২০২২'),(334,'বিসিআইসি','উচ্চ আদালত','আপিল বিভাগ','সিপিএলএ','১৪৬৯','২০২২ ','0000-00-00','কার্যাদেশের শর্ত মোতাবেক মনসুর এন্ড ব্রাদার্স ৮৭,৫০০ মে. টন সার সরবরাহ করতে ব্যর্থ হওয়ায় পিজি বাবদ ৪,৬৯,৫০০ মা. ড. বাজেয়াপ্ত করা হলে (আরবিট্রেশন মিস কেস নং  ৬৯৩/২০১১ দায়ের করে। উক্ত মামলার রায় বাদীর পক্ষে হলে সংস্থা উক্ত রায়ের বিরুদ্ধে এফএমএটি ৫৭৭/২০১৫ দায়ের করে। উক্ত রায় সংস্থার বিরুদ্ধে হলে সংস্থা সিপিএলএ নং   ১৪৬৯/২০২২ দায়ের করে।	','বিসিআইসি','মনসুর এন্ড বাদ্রার্স','এ এম শওকতুল হক\r\n০১৭১১৭০৯৩৬১	','0000-00-00','0000-00-00','বিচারাধীন','0000-00-00','আইনজীবী নিয়োগ, ওকালতনামা ও Parawise Comments প্রদান\r\n','','','','সিপিএলএ নং-১৪৬৯/২০২২ '),(335,'বিসিআইসি','উচ্চ আদালত','আপিল বিভাগ','সিপিএলএ','১৩২৬','২০২২ ','0000-00-00','বেতন স্কেল সংক্রান্ত	','বিসিআইসি	','আরিফ মোহাম্মদ খান','মোঃ বদরুদ্দোজা ০১৭১১৫৪০০৮৪\r\n','0000-00-00','0000-00-00','বিচারাধীন','0000-00-00','আইনজীবী নিয়োগ, ওকালতনামা ও Parawise Comments প্রদান','','','','সিপিএলএ নং-১৩২৬/২০২২ '),(336,'বিসিআইসি','উচ্চ আদালত','আপিল বিভাগ','সিপিএলএ','১৪৬৮','২০২২ ','0000-00-00','কার্যাদেশের শর্ত মোতাবেক মনসুর এন্ড ব্রাদার্স ৮৭,৫০০ মে. টন সার সরবরাহ করতে ব্যর্থ হওয়ায় পিজি বাবদ ৪,১৫,৯৫০ মা. ড. বাজেয়াপ্ত করা হলে (আরবিট্রেশন মিস কেস নং   ৬৯২/২০১১ দায়ের করে। উক্ত মামলার রায় বাদীর পক্ষে হলে সংস্থা উক্ত রায়ের বিরুদ্ধে এফএমএটি ৫৭৩/২০১৫ দায়ের করে। উক্ত রায় সংস্থার বিরুদ্ধে হলে সংস্থা সিপিএলএ নং   ১৪৬৮/২০২২ দায়ের করে।	','বিসিআইসি','মনসুর এন্ড বাদ্রার্স','এ এম শওকতুল হক\r\n০১৭১১৭০৯৩৬১	\r\n','0000-00-00','0000-00-00','বিচারাধীন','0000-00-00','আইনজীবী নিয়োগ, ওকালতনামা ও Parawise Comments প্রদান','','','','সিপিএলএ নং-১৪৬৮/২০২২ '),(337,'বিসিআইসি','উচ্চ আদালত','হাইকোর্ট বিভাগ','রিট পিটিশন','২৪৮','২০২২','0000-00-00','চাকরি সংক্রান্ত	','ব্যবস্থাপনা পরিচালক, কেপিএম','১নং শ্রম আদালত, চট্রগ্রাম','সৈয়দ কামরুল হোসাইন\r\n০১৭১১২৪৭৮১৬	','0000-00-00','0000-00-00','বিচারাধীন','0000-00-00','আইনজীবী নিয়োগ, ওকালতনামা ও Parawise Comments প্রদান\r\n','','','','রিট পিটিশন নং-২৪৮/২০২২'),(338,'বিসিআইসি','উচ্চ আদালত','হাইকোর্ট বিভাগ','রিট পিটিশন','২৫০','২০২২','0000-00-00','চাকরি সংক্রান্ত	','ব্যবস্থাপনা পরিচালক, কেপিএম','১নং শ্রম আদালত, চট্রগ্রাম','সৈয়দ কামরুল হোসাইন\r\n০১৭১১২৪৭৮১৬	','0000-00-00','0000-00-00','বিচারাধীন','0000-00-00','আইনজীবী নিয়োগ, ওকালতনামা ও Parawise Comments প্রদান\r\n','','','','রিট পিটিশন নং-২৫০/২০২২'),(339,'বিসিআইসি','উচ্চ আদালত','হাইকোর্ট বিভাগ','রিট পিটিশন','২৫১','২০২২','0000-00-00','চাকরি সংক্রান্ত	','ব্যবস্থাপনা পরিচালক, কেপিএম	','১নং শ্রম আদালত, চট্রগ্রাম','সৈয়দ কামরুল হোসাইন\r\n০১৭১১২৪৭৮১৬	\r\n','0000-00-00','0000-00-00','বিচারাধীন','0000-00-00','আইনজীবী নিয়োগ, ওকালতনামা ও Parawise Comments প্রদান','','','','রিট পিটিশন নং-২৫১/২০২২'),(340,'বিসিআইসি','উচ্চ আদালত','হাইকোর্ট বিভাগ','রিট পিটিশন','২৫২',' ২০২২','0000-00-00','চাকরি সংক্রান্ত	','ব্যবস্থাপনা পরিচালক, কেপিএম','১নং শ্রম আদালত, চট্রগ্রাম','সৈয়দ কামরুল হোসাইন\r\n০১৭১১২৪৭৮১৬	','0000-00-00','0000-00-00','বিচারাধীন','0000-00-00','আইনজীবী নিয়োগ, ওকালতনামা ও Parawise Comments প্রদান\r\n','','','','রিট পিটিশন নং-২৫২/ ২০২২'),(341,'বিসিআইসি','উচ্চ আদালত','হাইকোর্ট বিভাগ','রিট পিটিশন','২৫৪','২০২২','0000-00-00','চাকরি সংক্রান্ত	','ব্যবস্থাপনা পরিচালক, কেপিএম','১নং শ্রম আদালত, চট্রগ্রাম','সৈয়দ কামরুল হোসাইন\r\n০১৭১১২৪৭৮১৬	','0000-00-00','0000-00-00','','0000-00-00','আইনজীবী নিয়োগ, ওকালতনামা ও Parawise Comments প্রদান\r\n','','','','রিট পিটিশন নং-২৫৪/২০২২'),(342,'বিসিআইসি','উচ্চ আদালত','হাইকোর্ট বিভাগ','রিট পিটিশন','২৫৫','২০২২','0000-00-00','চাকরি সংক্রান্ত	','ব্যবস্থাপনা পরিচালক, কেপিএম	','১নং শ্রম আদালত, চট্রগ্রাম','সৈয়দ কামরুল হোসাইন\r\n০১৭১১২৪৭৮১৬	','0000-00-00','0000-00-00','বিচারাধীন','0000-00-00','আইনজীবী নিয়োগ, ওকালতনামা ও Parawise Comments প্রদান\r\n','','','','রিট পিটিশন নং-২৫৫/২০২২'),(343,'বিসিআইসি','উচ্চ আদালত','হাইকোর্ট বিভাগ','রিট পিটিশন',' ২৫৬','২০২২','0000-00-00','চাকরি সংক্রান্ত	','ব্যবস্থাপনা পরিচালক, কেপিএম','১নং শ্রম আদালত, চট্রগ্রাম','সৈয়দ কামরুল হোসাইন\r\n০১৭১১২৪৭৮১৬	','0000-00-00','0000-00-00','বিচারাধীন','0000-00-00','আইনজীবী নিয়োগ, ওকালতনামা ও Parawise Comments প্রদান\r\n','','','','রিট পিটিশন নং- ২৫৬/২০২২'),(344,'বিসিআইসি','উচ্চ আদালত','আপিল বিভাগ','সিভিল আপীল',' ৮৩৭','২০২২','0000-00-00','মেসার্স নবাব এন্ড কোং এর স্বত্তাধীকারী মোহাম্মদ নবাব খান এর হাইকোর্ট কর্তৃক রায়ের বিরুদ্ধে সিভিল আপীল নং  ৮৩৭/২২৩ দায়ের করা হয়েছে\r\n','বিসিআইসি','মোহাম্মদ নবাব খান','সৈয়দ কামরুল হোসাইন\r\n০১৭১১২৪৭৮১৬	','0000-00-00','0000-00-00','বিচারাধীন','0000-00-00','আইনজীবী নিয়োগ, ওকালতনামা ও Parawise Comments প্রদান','','','','সিভিল আপীল নং- ৮৩৭/২০২২'),(345,'বিসিআইসি','উচ্চ আদালত','হাইকোর্ট বিভাগ','রিট পিটিশন','  ৯৪০২','২২','0000-00-00','জনবল পদায়ন সংক্রান্ত ঠিকাদার নিয়োগ	সৈ','শাখওয়াত আলম','বিসিআইসি','য়দ কামরুল হোসাইন\r\n০১৭১১২৪৭৮১৬	','0000-00-00','0000-00-00','বিচারাধীন','0000-00-00','আইনজীবী নিয়োগ, ওকালতনামা ও Parawise Comments প্রদান\r\n','','','','রিট পিটিশন নং-  ৯৪০২/২২'),(346,'বিসিআইসি','উচ্চ আদালত','হাইকোর্ট বিভাগ','রিট পিটিশন',' ৮৬৫','২০২৩','0000-00-00','পোটন ট্রেডার্স এর ৩ কোটি টাকার ব্যাংক গ্যারান্টি নগদায়নের পদক্ষেপ গৃহীত হলে বাদী উক্ত মামলা দায়ের করে	','পোটন ট্রেডার্স','বিসিআইসি','আশরাফ উদ্দিন এন্ড এসোসিয়েটস্ ০১৭১৩৪৫২৫১৯	','0000-00-00','0000-00-00','','0000-00-00','আইনজীবী নিয়োগ, ওকালতনামা ও Parawise Comments প্রদান','','','','রিট পিটিশন নং- ৮৬৫/২০২৩'),(347,'বিসিআইসি','উচ্চ আদালত','হাইকোর্ট বিভাগ','রিট পিটিশন',' ৩৮৭','২০২৩','0000-00-00','পোটন ট্রেডার্সকে বিসিআইসি’র সকল টেন্ডার থেকে Deber করায় উক্ত মামলা দায়ের করে।	','পোটন ট্রেডার্স','বিসিআইসি','আশরাফ উদ্দিন এন্ড এসোসিয়েটস্ ০১৭১৩৪৫২৫১৯	','0000-00-00','0000-00-00','','0000-00-00','আইনজীবী নিয়োগ, ওকালতনামা ও Parawise Comments প্রদান','','','','রিট পিটিশন নং- ৩৮৭/২০২৩'),(348,'বিসিআইসি','উচ্চ আদালত','হাইকোর্ট বিভাগ','রিট পিটিশন','২৮৮','২০২৩','0000-00-00','সার ডিলারশীপ সংক্রান্ত	','রেজাউল করিম ','সচিব, কৃষি মন্ত্রণালয় ও অন্যান্য','এড. মোঃ মর্তুজা আলম\r\n০১৭১২৮৩৫২৫৫	','0000-00-00','0000-00-00','বিচারাধীন','0000-00-00','আইনজীবী নিয়োগ, ওকালতনামা ও Parawise Comments প্রদান\r\n','','','','রিট পিটিশন নং-২৮৮/২০২৩'),(349,'বিসিআইসি','উচ্চ আদালত','হাইকোর্ট বিভাগ','এডমিলারিটি স্যুট','০২','২০২৩','0000-00-00','আমদানিকৃত ইউরিয়া সার পরিবহন নিয়ে জটিলতা সৃষ্টি হওয়ায় বাদী উক্ত মামলা দায়ের করে।','ড্রাই বাল্ক শিপিং','বিসিআইসি','আশরাফ উদ্দিন এন্ড এসোসিয়েটস্ ০১৭১৩৪৫২৫১৯	','0000-00-00','0000-00-00','','0000-00-00','আইনজীবী নিয়োগ, ওকালতনামা ও Parawise Comments প্রদান','','','','এডমিলারিটি স্যুট নং-০২/২০২৩'),(350,'বিসিআইসি','উচ্চ আদালত','হাইকোর্ট বিভাগ','এডমিলারিটি স্যুট','০৩','২০২৩','0000-00-00','আমদানিকৃত ইউরিয়া সার পরিবহন নিয়ে জটিলতা সৃষ্টি হওয়ায় বাদী উক্ত মামলা দায়ের করে।	','ড্রাই বাল্ক শিপিং','বিসিআইসি','আশরাফ উদ্দিন এন্ড এসোসিয়েটস্ ০১৭১৩৪৫২৫১৯	','0000-00-00','0000-00-00','','0000-00-00','আইনজীবী নিয়োগ, ওকালতনামা ও Parawise Comments প্রদান','','','','এডমিলারিটি স্যুট নং-০৩/২০২৩'),(351,'বিসিআইসি','উচ্চ আদালত','হাইকোর্ট বিভাগ','এডমিলারিটি স্যুট','০৪','২০২৩','0000-00-00','মদানিকৃত ইউরিয়া সার পরিবহন নিয়ে জটিলতা সৃষ্টি হওয়ায় বাদী উক্ত মামলা দায়ের করে।	','ড্রাই বাল্ক শিপিং','বিসিআইসি','আশরাফ উদ্দিন এন্ড এসোসিয়েটস্ ০১৭১৩৪৫২৫১৯	','0000-00-00','0000-00-00','বিচারাধীন','0000-00-00','আইনজীবী নিয়োগ, ওকালতনামা ও Parawise Comments প্রদান','','','','এডমিলারিটি স্যুট নং-০৪/২০২৩'),(352,'বিসিআইসি','উচ্চ আদালত','হাইকোর্ট বিভাগ','এডমিলারিটি স্যুট','০৫','২০২৩','0000-00-00','আমদানিকৃত ইউরিয়া সার পরিবহন নিয়ে জটিলতা সৃষ্টি হওয়ায় বাদী উক্ত মামলা দায়ের করে।	','ড্রাই বাল্ক শিপিং','বিসিআইসি','আশরাফ উদ্দিন এন্ড এসোসিয়েটস্ ০১৭১৩৪৫২৫১৯	আ','0000-00-00','0000-00-00','বিচারাধীন','0000-00-00','ইনজীবী নিয়োগ, ওকালতনামা ও Parawise Comments প্রদান','','','','এডমিলারিটি স্যুট নং-০৫/২০২৩'),(353,'বিসিআইসি','উচ্চ আদালত','হাইকোর্ট বিভাগ','এডমিলারিটি স্যুট','০৬','২০২৩','0000-00-00','আমদানিকৃত ইউরিয়া সার পরিবহন নিয়ে জটিলতা সৃষ্টি হওয়ায় বাদী উক্ত মামলা দায়ের করে।	','ড্রাই বাল্ক শিপিং','বিসিআইসি','আশরাফ উদ্দিন এন্ড এসোসিয়েটস্ ০১৭১৩৪৫২৫১৯	','0000-00-00','0000-00-00','বিচারাধীন','0000-00-00','আইনজীবী নিয়োগ, ওকালতনামা ও Parawise Comments প্রদান','','','','এডমিলারিটি স্যুট নং-০৬/২০২৩'),(354,'বিসিআইসি','উচ্চ আদালত','হাইকোর্ট বিভাগ','এডমিলারিটি স্যুট','০৭','২০২৩','0000-00-00','আমদানিকৃত ইউরিয়া সার পরিবহন নিয়ে জটিলতা সৃষ্টি হওয়ায় বাদী উক্ত মামলা দায়ের করে।	','ড্রাই বাল্ক শিপিং','বিসিআইসি','আশরাফ উদ্দিন এন্ড এসোসিয়েটস্ ০১৭১৩৪৫২৫১৯	','0000-00-00','0000-00-00','বিচারাধীন','0000-00-00','আইনজীবী নিয়োগ, ওকালতনামা ও Parawise Comments প্রদান','','','','এডমিলারিটি স্যুট নং-০৭/২০২৩'),(355,'বিসিআইসি','উচ্চ আদালত','হাইকোর্ট বিভাগ','এডমিলারিটি স্যুট','০৮','২০২৩','0000-00-00','আমদানিকৃত ইউরিয়া সার পরিবহন নিয়ে জটিলতা সৃষ্টি হওয়ায় বাদী উক্ত মামলা দায়ের করে।	','ড্রাই বাল্ক শিপিং','বিসিআইসি','আশরাফ উদ্দিন এন্ড এসোসিয়েটস্ ০১৭১৩৪৫২৫১৯','0000-00-00','0000-00-00','বিচারাধীন','0000-00-00','	আইনজীবী নিয়োগ, ওকালতনামা ও Parawise Comments প্রদান','','','','এডমিলারিটি স্যুট নং-০৮/২০২৩'),(356,'বিসিআইসি','উচ্চ আদালত','হাইকোর্ট বিভাগ','রিট পিটিশন','২৬৬০','২০২৩','0000-00-00','এএফসিসিএল এর প্রাক্তন ব্যবস্থাপনা পরিচালক কর্তৃক আত্মসাতকৃত ২৮ কোটি টাকা জমাদান এর নোটিশকে চ্যালেঞ্জ করে তিনি উক্ত মামলা দায়ের করেন।	','এ কে এম আনোওয়ারুল হক, প্রাক্তন ব্যবস্থাপনা পরিচালক, এএফসিসিএল','বিসিআইসি','সৈয়দ কামরুল হোসাইন\r\n০১৭১১২৪৭৮১৬	\r\n','0000-00-00','0000-00-00','বিচারাধীন','0000-00-00','আইনজীবী নিয়োগ, ওকালতনামা ও Parawise Comments প্রদান','','','','রিট পিটিশন নং-২৬৬০/২০২৩'),(357,'বিসিআইসি','উচ্চ আদালত','হাইকোর্ট বিভাগ','রিট পিটিশন',' ৫২০৪','২০২৩','0000-00-00','বকেয়া পাওনাদ চেয়ে মামলা দায়ের।	','কার্তিক চন্দ্র বিশ্বাস','বিসিআইসি','সৈয়দ কামরুল হোসাইন\r\n০১৭১১২৪৭৮১৬	\r\n','0000-00-00','0000-00-00','','0000-00-00','আইনজীবী নিয়োগ, ওকালতনামা প্রদান','','','','রিট পিটিশন নং- ৫২০৪/২০২৩');
/*!40000 ALTER TABLE `legal_tbl` ENABLE KEYS */;
UNLOCK TABLES;
COMMIT;

-- Dumped table `legal_tbl` with 354 row(s)
--

--
-- Table structure for table `tblusers`
--

/*!40101 SET @saved_cs_client     = @@character_set_client */;
/*!40101 SET character_set_client = utf8 */;
CREATE TABLE `tblusers` (
  `id` int(11) NOT NULL,
  `FullName` varchar(120) DEFAULT NULL,
  `Username` varchar(120) DEFAULT NULL,
  `UserEmail` varchar(200) DEFAULT NULL,
  `Password` varchar(250) DEFAULT NULL,
  `RegDate` varchar(50) DEFAULT NULL
) ENGINE=InnoDB DEFAULT CHARSET=latin1;
/*!40101 SET character_set_client = @saved_cs_client */;

--
-- Dumping data for table `tblusers`
--

LOCK TABLES `tblusers` WRITE;
/*!40000 ALTER TABLE `tblusers` DISABLE KEYS */;
SET autocommit=0;
INSERT INTO `tblusers` VALUES (2,'abdul','admin','bootstrapfriendly@gmail.com','202cb962ac59075b964b07152d234b70','2020-10-23 16:03:33'),(6,'ramesh','ramesh','ramesh@gmail.com','827ccb0eea8a706c4c34a16891f84e7b',NULL),(7,'ramesh','ramesh2','ramesh@gmail2.com','827ccb0eea8a706c4c34a16891f84e7b',NULL),(0,'user','user','emrantareq09@gmail.com','202cb962ac59075b964b07152d234b70',NULL);
/*!40000 ALTER TABLE `tblusers` ENABLE KEYS */;
UNLOCK TABLES;
COMMIT;

-- Dumped table `tblusers` with 4 row(s)
--

/*!40103 SET TIME_ZONE=@OLD_TIME_ZONE */;
/*!40101 SET AUTOCOMMIT=@OLD_AUTOCOMMIT */;
/*!40101 SET SQL_MODE=@OLD_SQL_MODE */;
/*!40014 SET FOREIGN_KEY_CHECKS=@OLD_FOREIGN_KEY_CHECKS */;
/*!40014 SET UNIQUE_CHECKS=@OLD_UNIQUE_CHECKS */;
/*!40101 SET CHARACTER_SET_CLIENT=@OLD_CHARACTER_SET_CLIENT */;
/*!40101 SET CHARACTER_SET_RESULTS=@OLD_CHARACTER_SET_RESULTS */;
/*!40101 SET COLLATION_CONNECTION=@OLD_COLLATION_CONNECTION */;
/*!40111 SET SQL_NOTES=@OLD_SQL_NOTES */;

-- Dump completed on: Sun, 10 Mar 2024 10:35:54 +0100
